tax_id,name,common_name,tax_level,species_taxid,genus_taxid,family_taxid,category_name,is_phage,NT_r,NT_rpm,NT_zscore,NT_percentidentity,NT_alignmentlength,NT_neglogevalue,NT_percentconcordant,aggregatescore,NT_r_pct,NT_rpm_bg,NT_maxzscore,NR_r,NR_rpm,NR_zscore,NR_percentidentity,NR_alignmentlength,NR_neglogevalue,NR_percentconcordant,NR_r_pct,NR_rpm_bg,NR_maxzscore
7158,Aedes,"",2,-100,7158,7157,Eukaryota,0,1223.0,37.723,99.0,94.38,137.352,72.0554581,0.0,1981928.817,1.55907,0.0006714,99.0,7005.0,216.067,99.0,79.1622,47.6134,13.3421841,0.0,8.92994,0.0077157,99.0
7160,Aedes albopictus,Asian tiger mosquito,1,7160,7158,7157,Eukaryota,0,0,0,-100,0.0,0.0,0.0,0.0,1981928.817,,,99.0,6556.0,202.217,99.0,77.9115,47.6425,13.0661535,0.0,8.35755,0.0077157,99.0
7159,Aedes aegypti,yellow fever mosquito,1,7159,7158,7157,Eukaryota,0,1223.0,37.723,100.0,94.38,137.352,72.0554581,0.0,506899.80000000005,1.55907,0.0,100.0,437.0,13.479,100.0,97.3721,47.2929,17.4221973,0.0,0.55709,0.0,100.0
-100007158,Non-species-specific reads in genus Aedes,,1,-100007158,7158,7157,Eukaryota,0,0,0,-100,0.0,0.0,0.0,0.0,3663.0,,,100.0,12.0,0.37,100.0,99.3167,43.4167,15.5666666,0.0,0.0153,0.0,100.0
9605,Homo,"",2,-100,9605,9604,Eukaryota,0,42.0,1.295,100.0,99.6976,149.952,89.8561325,0.0,13870.0,0.05354,0.0,100.0,3.0,0.092,100.0,86.4,49.3333,15.166667,0.0,0.00382,0.0,100.0
9606,Homo sapiens,human,1,9606,9605,9604,Eukaryota,0,42.0,1.295,100.0,99.6976,149.952,89.8561325,0.0,13870.0,0.05354,0.0,100.0,3.0,0.092,100.0,86.4,49.3333,15.166667,0.0,0.00382,0.0,100.0
9922,Capra,"",2,-100,9922,9895,Eukaryota,0,24.0,0.74,100.0,99.7125,150.0,89.9371872,0.0,13260.0,0.0306,0.0,100.0,19.0,0.586,100.0,98.1789,47.4211,17.9684219,0.0,0.02422,0.0,100.0
9925,Capra hircus,goat,1,9925,9922,9895,Eukaryota,0,24.0,0.74,100.0,99.7125,150.0,89.9371872,0.0,13260.0,0.0306,0.0,100.0,19.0,0.586,100.0,98.1789,47.4211,17.9684219,0.0,0.02422,0.0,100.0
9935,Ovis,"",2,-100,9935,9895,Eukaryota,0,68.0,2.097,100.0,99.5279,145.426,86.5191727,0.0,9870.0,0.08669,0.0,100.0,0,0,-100,0.0,0.0,0.0,0.0,,,100.0
-100009935,Non-species-specific reads in genus Ovis,,1,-100009935,9935,9895,Eukaryota,0,32.0,0.987,100.0,99.9781,148.812,89.6542282,0.0,9870.0,0.04079,0.0,100.0,0,0,-100,0.0,0.0,0.0,0.0,,,100.0
9940,Ovis aries,sheep,1,9940,9935,9895,Eukaryota,0,18.0,0.555,100.0,99.8444,149.056,89.5590363,0.0,5550.000000000001,0.02295,0.0,100.0,0,0,-100,0.0,0.0,0.0,0.0,,,100.0
37174,Ovis canadensis,bighorn sheep,1,37174,9935,9895,Eukaryota,0,18.0,0.555,100.0,98.4111,135.778,77.9058838,0.0,5550.000000000001,0.02295,0.0,100.0,0,0,-100,0.0,0.0,0.0,0.0,,,100.0
9903,Bos,"""oxen",2,-100,9903,9895,Eukaryota,0,4.0,0.123,100.0,96.675,134.0,74.1003418,0.0,2150.0,0.0051,0.0,100.0,5.0,0.154,100.0,92.28,47.8,16.9799995,0.0,0.00637,0.0,100.0
9913,Bos taurus,cattle,1,9913,9903,9895,Eukaryota,0,2.0,0.061,100.0,94.0,119.5,60.0879364,0.0,2150.0,0.00255,0.0,100.0,5.0,0.154,100.0,92.28,47.8,16.9799995,0.0,0.00637,0.0,100.0
72004,Bos mutus,wild yak,1,72004,9903,9895,Eukaryota,0,2.0,0.061,100.0,99.35,148.5,88.1127396,0.0,610.0,0.00255,0.0,100.0,0,0,-100,0.0,0.0,0.0,0.0,,,100.0
13615,Monodelphis,short-tailed opossums,2,-100,13615,9265,Eukaryota,0,0,0,-100,0.0,0.0,0.0,0.0,1540.0,,,100.0,5.0,0.154,100.0,100.0,49.8,21.3400002,0.0,0.00637,0.0,100.0
13616,Monodelphis domestica,gray short-tailed opossum,1,13616,13615,9265,Eukaryota,0,0,0,-100,0.0,0.0,0.0,0.0,1540.0,,,100.0,5.0,0.154,100.0,100.0,49.8,21.3400002,0.0,0.00637,0.0,100.0
-200,All taxa with neither family nor genus classification,,2,-100,-200,-300,Uncategorized,0,11.0,0.339,-0.4354468,98.3364,140.636,81.3700027,0.0,1538.28429261,0.01402,216.1794128,-0.1164423,7225.0,222.852,-0.1164423,69.9507,47.0598,10.0908508,0.0,9.21039,302.2024841,-0.1164423
1903431,Chaq virus-like 1,"",1,1903431,-200,-300,Viruses,0,0,0,-100,0.0,0.0,0.0,0.0,1538.28429261,,,100.0,4283.0,132.107,100.0,75.1871,47.0406,11.2668924,0.0,5.45995,0.0,100.0
1923071,Hubei partiti-like virus 8,"",1,1923071,-200,-300,Viruses,0,0,0,-100,0.0,0.0,0.0,0.0,223.75552368,,,100.0,623.0,19.216,100.0,63.0549,47.878,8.1181383,0.0,0.7942,0.0,100.0
1922504,Beihai partiti-like virus 2,"",1,1922504,-200,-300,Viruses,0,0,0,-100,0.0,0.0,0.0,0.0,206.14944792,,,100.0,574.0,17.704,100.0,61.7037,48.1411,8.735714,0.0,0.73173,0.0,100.0
1923021,Hubei partiti-like virus 15,"",1,1923021,-200,-300,Viruses,0,0,0,-100,0.0,0.0,0.0,0.0,180.64858422,,,100.0,503.0,15.514,100.0,64.7235,44.3917,8.922266,0.0,0.64122,0.0,100.0
1923016,Hubei partiti-like virus 10,"",1,1923016,-200,-300,Viruses,0,0,0,-100,0.0,0.0,0.0,0.0,142.22262522,,,100.0,396.0,12.214,100.0,56.2169,47.7525,6.7810607,0.0,0.50482,0.0,100.0
1923017,Hubei partiti-like virus 11,"",1,1923017,-200,-300,Viruses,0,0,0,-100,0.0,0.0,0.0,0.0,103.07472396,,,100.0,287.0,8.852,100.0,63.83,48.6446,10.0250874,0.0,0.36587,0.0,100.0
1923072,Hubei partiti-like virus 9,"",1,1923072,-200,-300,Viruses,0,0,0,-100,0.0,0.0,0.0,0.0,82.96513875000001,,,100.0,231.0,7.125,100.0,59.8381,47.342,7.9575758,0.0,0.29448,0.0,100.0
1922878,Hubei diptera virus 17,"",1,1922878,-200,-300,Viruses,0,0,0,-100,0.0,0.0,0.0,0.0,48.835900620000004,,,100.0,136.0,4.194,100.0,59.8007,48.9485,6.5669117,0.0,0.17337,0.0,100.0
1923022,Hubei partiti-like virus 16,"",1,1923022,-200,-300,Viruses,0,0,0,-100,0.0,0.0,0.0,0.0,35.188863059999996,,,100.0,98.0,3.022,100.0,61.9255,44.7041,8.5285711,0.0,0.12493,0.0,100.0
258847,rhizosphere bacterium GWR08,"",1,258847,-200,-300,Bacteria,0,2.0,0.061,100.0,93.9,131.5,68.2728043,0.0,2.65622548,0.00255,0.0,100.0,0,0,-100,0.0,0.0,0.0,0.0,,,100.0
1923019,Hubei partiti-like virus 13,"",1,1923019,-200,-300,Viruses,0,0,0,-100,0.0,0.0,0.0,0.0,2.1541825500000003,,,100.0,6.0,0.185,100.0,65.9167,45.3333,9.7333336,0.0,0.00765,0.0,100.0
1923020,Hubei partiti-like virus 14,"",1,1923020,-200,-300,Viruses,0,0,0,-100,0.0,0.0,0.0,0.0,1.07126916,,,100.0,3.0,0.092,100.0,62.5333,43.3333,6.0999999,0.0,0.00382,0.0,100.0
1923026,Hubei partiti-like virus 2,"",1,1923026,-200,-300,Viruses,0,0,0,-100,0.0,0.0,0.0,0.0,0.71029803,,,100.0,2.0,0.061,100.0,62.75,47.0,7.1500001,0.0,0.00255,0.0,100.0
1923463,Shayang virga-like virus 1,"",1,1923463,-200,-300,Viruses,0,0,0,-100,0.0,0.0,0.0,0.0,0.71029803,,,100.0,2.0,0.061,100.0,52.05,49.0,6.25,0.0,0.00255,0.0,100.0
1923115,Hubei picorna-like virus 35,"",1,1923115,-200,-300,Viruses,0,0,0,-100,0.0,0.0,0.0,0.0,0.3493269,,,100.0,1.0,0.03,100.0,61.9,42.0,6.9000001,0.0,0.00127,0.0,100.0
152704,uncultured stramenopile,"",1,152704,-200,-300,Eukaryota,0,2.0,0.061,2.7909581,98.3,120.5,67.6171646,0.0,0.07413414018832389,0.00255,0.0036457,2.7909581,0,0,-100,0.0,0.0,0.0,0.0,,,2.7909581
487796,Flavobacteria bacterium MS024-2A,"",1,487796,-200,-300,Bacteria,0,0,0,-100,0.0,0.0,0.0,0.0,0.0011872278984165598,,,0.0662068,5.0,0.154,0.0662068,71.64,48.6,7.3600001,0.0,0.00637,0.105626,0.0662068
1768112,bacterium P201,"",1,1768112,-200,-300,Bacteria,0,0,0,-100,0.0,0.0,0.0,0.0,-0.0011735877891734098,,,-0.1652247,2.0,0.061,-0.1652247,82.0,50.0,13.3000002,0.0,0.00255,1.822893,-0.1652247
417305,uncultured beta proteobacterium CBNPD1 BAC clone 578,"",1,417305,-200,-300,Bacteria,0,0,0,-100,0.0,0.0,0.0,0.0,-0.00161556418263942,,,-0.1127998,4.0,0.123,-0.1127998,65.325,49.0,8.8249998,0.0,0.0051,33.0643158,-0.1127998
77133,uncultured bacterium,"",1,77133,-200,-300,Bacteria,0,7.0,0.215,-0.4307566,99.6143,149.0,89.0414352,0.0,-0.09200574341715129,0.00892,104.1012955,-0.2085557,69.0,2.128,-0.2085557,84.7406,39.4493,10.8956518,0.0,0.08796,41.8237686,-0.2085557
9599,Pongo,"",2,-100,9599,9604,Eukaryota,0,4.0,0.123,100.0,99.65,150.0,89.8226547,0.0,1230.0,0.0051,0.0,100.0,0,0,-100,0.0,0.0,0.0,0.0,,,100.0
-100009599,Non-species-specific reads in genus Pongo,,1,-100009599,9599,9604,Eukaryota,0,4.0,0.123,100.0,99.65,150.0,89.8226547,0.0,1230.0,0.0051,0.0,100.0,0,0,-100,0.0,0.0,0.0,0.0,,,100.0
-200009895,Non-genus-specific reads in family Bovidae,,2,-100,-200009895,9895,Eukaryota,0,4.0,0.123,100.0,99.325,150.0,89.13797,0.0,1230.0,0.0051,0.0,100.0,0,0,-100,0.0,0.0,0.0,0.0,,,100.0
-100009895,Non-species-specific reads in family Bovidae,,1,-100009895,-200009895,9895,Eukaryota,0,4.0,0.123,100.0,99.325,150.0,89.13797,0.0,1230.0,0.0051,0.0,100.0,0,0,-100,0.0,0.0,0.0,0.0,,,100.0
4145,Olea,"",2,-100,4145,4144,Eukaryota,0,2.0,0.061,100.0,99.3,150.0,89.1366806,0.0,1220.0,0.00255,0.0,100.0,2.0,0.061,100.0,98.0,49.5,20.7000008,0.0,0.00255,0.0,100.0
4146,Olea europaea,common olive,1,4146,4145,4144,Eukaryota,0,2.0,0.061,100.0,99.3,150.0,89.1366806,0.0,1220.0,0.00255,0.0,100.0,2.0,0.061,100.0,98.0,49.5,20.7000008,0.0,0.00255,0.0,100.0
8835,Anas,ducks,2,-100,8835,8830,Eukaryota,0,0,0,-100,0.0,0.0,0.0,0.0,920.0,,,100.0,3.0,0.092,100.0,95.3333,50.0,20.8666668,0.0,0.00382,0.0,100.0
8839,Anas platyrhynchos,mallard,1,8839,8835,8830,Eukaryota,0,0,0,-100,0.0,0.0,0.0,0.0,920.0,,,100.0,3.0,0.092,100.0,95.3333,50.0,20.8666668,0.0,0.00382,0.0,100.0
577483,Ettlia,"",2,-100,577483,-300,Eukaryota,0,2.0,0.061,100.0,99.1,115.0,65.2365723,0.0,610.0,0.00255,0.0,100.0,0,0,-100,0.0,0.0,0.0,0.0,,,100.0
-100577483,Non-species-specific reads in genus Ettlia,,1,-100577483,577483,-300,Eukaryota,0,2.0,0.061,100.0,99.1,115.0,65.2365723,0.0,610.0,0.00255,0.0,100.0,0,0,-100,0.0,0.0,0.0,0.0,,,100.0
160620,Lingulodinium,"",2,-100,160620,-300,Eukaryota,0,0,0,-100,0.0,0.0,0.0,0.0,610.0,,,100.0,2.0,0.061,100.0,92.85,49.0,15.5,0.0,0.00255,0.0,100.0
160621,Lingulodinium polyedra,"",1,160621,160620,-300,Eukaryota,0,0,0,-100,0.0,0.0,0.0,0.0,610.0,,,100.0,2.0,0.061,100.0,92.85,49.0,15.5,0.0,0.00255,0.0,100.0
106975,Opuntia,"",2,-100,106975,3593,Eukaryota,0,2.0,0.061,100.0,100.0,150.0,90.5086365,0.0,610.0,0.00255,0.0,100.0,0,0,-100,0.0,0.0,0.0,0.0,,,100.0
1198106,Opuntia sp. MCCPL-2012,"",1,1198106,106975,3593,Eukaryota,0,2.0,0.061,100.0,100.0,150.0,90.5086365,0.0,610.0,0.00255,0.0,100.0,0,0,-100,0.0,0.0,0.0,0.0,,,100.0
10088,Mus,"",2,-100,10088,10066,Eukaryota,0,0,0,-100,0.0,0.0,0.0,0.0,610.0,,,100.0,2.0,0.061,100.0,100.0,39.0,13.75,0.0,0.00255,0.0,100.0
10090,Mus musculus,house mouse,1,10090,10088,10066,Eukaryota,0,0,0,-100,0.0,0.0,0.0,0.0,610.0,,,100.0,2.0,0.061,100.0,100.0,39.0,13.75,0.0,0.00255,0.0,100.0
9984,Oryctolagus,"",2,-100,9984,9979,Eukaryota,0,0,0,-100,0.0,0.0,0.0,0.0,610.0,,,100.0,2.0,0.061,100.0,90.0,30.0,14.5,0.0,0.00255,0.0,100.0
9986,Oryctolagus cuniculus,rabbit,1,9986,9984,9979,Eukaryota,0,0,0,-100,0.0,0.0,0.0,0.0,610.0,,,100.0,2.0,0.061,100.0,90.0,30.0,14.5,0.0,0.00255,0.0,100.0
-200006939,Non-genus-specific reads in family Ixodidae,,2,-100,-200006939,6939,Eukaryota,0,2.0,0.061,100.0,99.65,131.5,77.1875534,0.0,610.0,0.00255,0.0,100.0,0,0,-100,0.0,0.0,0.0,0.0,,,100.0
-100006939,Non-species-specific reads in family Ixodidae,,1,-100006939,-200006939,6939,Eukaryota,0,2.0,0.061,100.0,99.65,131.5,77.1875534,0.0,610.0,0.00255,0.0,100.0,0,0,-100,0.0,0.0,0.0,0.0,,,100.0
-200007157,Non-genus-specific reads in family Culicidae,,2,-100,-200007157,7157,Eukaryota,0,0,0,-100,0.0,0.0,0.0,0.0,610.0,,,100.0,2.0,0.061,100.0,96.8,31.0,8.75,0.0,0.00255,0.0,100.0
-100007157,Non-species-specific reads in family Culicidae,,1,-100007157,-200007157,7157,Eukaryota,0,0,0,-100,0.0,0.0,0.0,0.0,610.0,,,100.0,2.0,0.061,100.0,96.8,31.0,8.75,0.0,0.00255,0.0,100.0
196036,Manacus,"",2,-100,196036,114313,Eukaryota,0,0,0,-100,0.0,0.0,0.0,0.0,300.0,,,100.0,1.0,0.03,100.0,100.0,49.0,20.8999996,0.0,0.00127,0.0,100.0
328815,Manacus vitellinus,golden-collared manakin,1,328815,196036,114313,Eukaryota,0,0,0,-100,0.0,0.0,0.0,0.0,300.0,,,100.0,1.0,0.03,100.0,100.0,49.0,20.8999996,0.0,0.00127,0.0,100.0
9789,Equus,"",2,-100,9789,9788,Eukaryota,0,0,0,-100,0.0,0.0,0.0,0.0,300.0,,,100.0,1.0,0.03,100.0,98.0,49.0,19.7999992,0.0,0.00127,0.0,100.0
9796,Equus caballus,horse,1,9796,9789,9788,Eukaryota,0,0,0,-100,0.0,0.0,0.0,0.0,300.0,,,100.0,1.0,0.03,100.0,98.0,49.0,19.7999992,0.0,0.00127,0.0,100.0
7174,Culex,"",2,-100,7174,7157,Eukaryota,0,0,0,-100,0.0,0.0,0.0,0.0,300.0,,,100.0,1.0,0.03,100.0,70.0,40.0,9.5,0.0,0.00127,0.0,100.0
7176,Culex quinquefasciatus,southern house mosquito,1,7176,7174,7157,Eukaryota,0,0,0,-100,0.0,0.0,0.0,0.0,300.0,,,100.0,1.0,0.03,100.0,70.0,40.0,9.5,0.0,0.00127,0.0,100.0
4235,Lactuca,"",2,-100,4235,4210,Eukaryota,0,0,0,-100,0.0,0.0,0.0,0.0,300.0,,,100.0,1.0,0.03,100.0,80.4,46.0,11.6999998,0.0,0.00127,0.0,100.0
4236,Lactuca sativa,"",1,4236,4235,4210,Eukaryota,0,0,0,-100,0.0,0.0,0.0,0.0,300.0,,,100.0,1.0,0.03,100.0,80.4,46.0,11.6999998,0.0,0.00127,0.0,100.0
-200009604,Non-genus-specific reads in family Hominidae,,2,-100,-200009604,9604,Eukaryota,0,0,0,-100,0.0,0.0,0.0,0.0,300.0,,,100.0,1.0,0.03,100.0,95.9,49.0,17.0,0.0,0.00127,0.0,100.0
-100009604,Non-species-specific reads in family Hominidae,,1,-100009604,-200009604,9604,Eukaryota,0,0,0,-100,0.0,0.0,0.0,0.0,300.0,,,100.0,1.0,0.03,100.0,95.9,49.0,17.0,0.0,0.00127,0.0,100.0
768,Anaplasma,"",2,-100,768,942,Bacteria,0,0,0,-100,0.0,0.0,0.0,0.0,39.58468547,,,6.4892927,2.0,0.061,6.4892927,89.65,43.5,13.1000004,0.0,0.00255,0.0009397,6.4892927
948,Anaplasma phagocytophilum,"",1,948,768,942,Bacteria,0,0,0,-100,0.0,0.0,0.0,0.0,39.58468547,,,100.0,2.0,0.061,100.0,89.65,43.5,13.1000004,0.0,0.00255,0.0,100.0
6333,Trichinella,"",2,-100,6333,6332,Eukaryota,0,0,0,-100,0.0,0.0,0.0,0.0,27.938518999999996,,,1.299466,17.0,0.524,1.299466,93.0765,43.3529,13.7470589,0.0,0.02167,0.094945,1.299466
45882,Trichinella britovi,"",1,45882,6333,6332,Eukaryota,0,0,0,-100,0.0,0.0,0.0,0.0,27.938518999999996,,,100.0,7.0,0.215,100.0,91.2714,47.5714,14.8999996,0.0,0.00892,0.0,100.0
6336,Trichinella nelsoni,"",1,6336,6333,6332,Eukaryota,0,0,0,-100,0.0,0.0,0.0,0.0,3.8983979999999994,,,100.0,1.0,0.03,100.0,97.6,42.0,13.6999998,0.0,0.00127,0.0,100.0
990121,Trichinella patagoniensis,"",1,990121,6333,6332,Eukaryota,0,0,0,-100,0.0,0.0,0.0,0.0,2.736292975890967,,,13.6734137,5.0,0.154,13.6734137,91.38,36.6,9.7600002,0.0,0.00637,0.0015804,13.6734137
181606,Trichinella sp. T9,"",1,181606,6333,6332,Eukaryota,0,0,0,-100,0.0,0.0,0.0,0.0,0.2851608156857502,,,3.5974527,2.0,0.061,3.5974527,98.85,44.5,16.9500008,0.0,0.00255,0.0023261,3.5974527
-100006333,Non-species-specific reads in genus Trichinella,,1,-100006333,6333,6332,Eukaryota,0,0,0,-100,0.0,0.0,0.0,0.0,0.036008869096218206,,,0.4542707,2.0,0.061,0.4542707,95.6,45.0,16.5,0.0,0.00255,0.0111435,0.4542707
63682,Lobosphaera,"",2,-100,63682,35461,Eukaryota,0,2.0,0.061,18.34892,96.4,125.0,67.2587051,0.0,20.5376547751504,0.00255,0.0003357,18.34892,0,0,-100,0.0,0.0,0.0,0.0,,,18.34892
312850,Lobosphaera incisa,"",1,312850,63682,35461,Eukaryota,0,2.0,0.061,18.34892,96.4,125.0,67.2587051,0.0,20.5376547751504,0.00255,0.0003357,18.34892,0,0,-100,0.0,0.0,0.0,0.0,,,18.34892
-200011012,Non-genus-specific reads in family Partitiviridae,,2,-100,-200011012,11012,Viruses,0,0,0,-100,0.0,0.0,0.0,0.0,20.223470960000004,,,1.3132124,15.0,0.462,1.3132124,60.78,48.8,7.8800001,0.0,0.01912,0.0394401,1.3132124
1903549,Partitivirus-like 2,"",1,1903549,-200011012,11012,Viruses,0,0,0,-100,0.0,0.0,0.0,0.0,20.223470960000004,,,100.0,5.0,0.154,100.0,61.72,48.6,7.9200001,0.0,0.00637,0.0,100.0
1903436,Partitivirus-like 1,"",1,1903436,-200011012,11012,Viruses,0,0,0,-100,0.0,0.0,0.0,0.0,3.9396372000000004,,,100.0,1.0,0.03,100.0,53.1,49.0,6.0,0.0,0.00127,0.0,100.0
-100011012,Non-species-specific reads in family Partitiviridae,,1,-100011012,-200011012,11012,Viruses,0,0,0,-100,0.0,0.0,0.0,0.0,0.8969178230365407,,,2.4656868,9.0,0.277,2.4656868,61.1111,48.8889,8.0666666,0.0,0.01147,0.0112763,2.4656868
35571,Bradysia,"",2,-100,35571,7184,Eukaryota,0,2.0,0.061,3.1493917,90.2,144.0,67.1963806,0.0,19.21128937,0.00255,0.0031525,3.1493917,0,0,-100,0.0,0.0,0.0,0.0,,,3.1493917
38358,Bradysia coprophila,"",1,38358,35571,7184,Eukaryota,0,2.0,0.061,100.0,90.2,144.0,67.1963806,0.0,19.21128937,0.00255,0.0,100.0,0,0,-100,0.0,0.0,0.0,0.0,,,100.0
2811,Gelidium,"",2,-100,2811,2808,Eukaryota,0,2.0,0.061,9.1236927,84.2,125.0,44.6197891,0.0,5.07774787752603,0.00255,0.0006714,9.1236927,0,0,-100,0.0,0.0,0.0,0.0,,,9.1236927
37200,Gelidium elegans,"",1,37200,2811,2808,Eukaryota,0,2.0,0.061,9.1236927,84.2,125.0,44.6197891,0.0,5.07774787752603,0.00255,0.0006714,9.1236927,0,0,-100,0.0,0.0,0.0,0.0,,,9.1236927
374,Bradyrhizobium,"",2,-100,374,41294,Bacteria,0,4.0,0.123,-0.2985432,97.225,136.25,75.6394119,0.0,3.67208136,0.0051,849.4971313,-0.2929423,2.0,0.061,-0.2929423,100.0,49.5,19.5499992,0.0,0.00255,1640.6219482,-0.2929423
2057741,Bradyrhizobium sp. SK17,"",1,2057741,374,41294,Bacteria,0,4.0,0.123,100.0,97.225,136.25,75.6394119,0.0,3.67208136,0.0051,0.0,100.0,0,0,-100,0.0,0.0,0.0,0.0,,,100.0
-100000374,Non-species-specific reads in genus Bradyrhizobium,,1,-100000374,374,41294,Bacteria,0,0,0,-100,0.0,0.0,0.0,0.0,-0.0051511689690038895,,,-0.2882663,2.0,0.061,-0.2882663,100.0,49.5,19.5499992,0.0,0.00255,1035.3502197,-0.2882663
4071,Capsicum,peppers,2,-100,4071,4070,Eukaryota,0,0,0,-100,0.0,0.0,0.0,0.0,2.9070858,,,0.9690286,2.0,0.061,0.9690286,74.05,42.5,7.75,0.0,0.00255,0.0129861,0.9690286
33114,Capsicum baccatum,"",1,33114,4071,4070,Eukaryota,0,0,0,-100,0.0,0.0,0.0,0.0,2.9070858,,,100.0,1.0,0.03,100.0,75.6,45.0,8.3000002,0.0,0.00127,0.0,100.0
80379,Capsicum chinense,"",1,80379,4071,4070,Eukaryota,0,0,0,-100,0.0,0.0,0.0,0.0,2.9070858,,,100.0,1.0,0.03,100.0,72.5,40.0,7.1999998,0.0,0.00127,0.0,100.0
-200011006,Non-genus-specific reads in family Totiviridae,,2,-100,-200011006,11006,Viruses,0,0,0,-100,0.0,0.0,0.0,0.0,1.8641449500000002,,,-0.1515565,4.0,0.123,-0.1515565,78.575,49.0,14.8000002,0.0,0.0051,0.4871863,-0.1515565
2026601,Australian Anopheles totivirus,"",1,2026601,-200011006,11006,Viruses,0,0,0,-100,0.0,0.0,0.0,0.0,1.8641449500000002,,,100.0,4.0,0.123,100.0,78.575,49.0,14.8000002,0.0,0.0051,0.0,100.0
1177,Nostoc,"",2,-100,1177,1162,Bacteria,0,0,0,-100,0.0,0.0,0.0,0.0,1.6148213124543338,,,-0.1812563,8.0,0.246,-0.1812563,89.3125,39.375,13.8500004,0.0,0.0102,0.4414994,-0.1812563
92942,Nostoc linckia,"",1,92942,1177,1162,Bacteria,0,0,0,-100,0.0,0.0,0.0,0.0,1.6148213124543338,,,41.4374386,7.0,0.215,41.4374386,89.2143,42.1429,14.4714289,0.0,0.00892,0.0009152,41.4374386
-100001177,Non-species-specific reads in genus Nostoc,,1,-100001177,1177,1162,Bacteria,0,0,0,-100,0.0,0.0,0.0,0.0,-0.0009838959914289,,,-0.1809401,1.0,0.03,-0.1809401,90.0,20.0,9.5,0.0,0.00127,0.0744131,-0.1809401
544,Citrobacter,"",2,-100,544,543,Bacteria,0,0,0,-100,0.0,0.0,0.0,0.0,1.2436328999999997,,,-0.4145443,1.0,0.03,-0.4145443,89.8,49.0,17.7000008,0.0,0.00127,1.4897552,-0.4145443
1981983,Citrobacter sp. L55,"",1,1981983,544,543,Bacteria,0,0,0,-100,0.0,0.0,0.0,0.0,1.2436328999999997,,,100.0,1.0,0.03,100.0,89.8,49.0,17.7000008,0.0,0.00127,0.0,100.0
1883,Streptomyces,"",2,-100,1883,2062,Bacteria,0,0,0,-100,0.0,0.0,0.0,0.0,1.1421555,,,-0.3807185,7.0,0.215,-0.3807185,80.2571,42.8571,10.1000004,0.0,0.00892,40.1903954,-0.3807185
1940758,Streptomyces sp. MH60,"",1,1940758,1883,2062,Bacteria,0,0,0,-100,0.0,0.0,0.0,0.0,1.1421555,,,100.0,1.0,0.03,100.0,70.8,48.0,10.8000002,0.0,0.00127,0.0,100.0
1888,Streptomyces albus,"",1,1888,1883,2062,Bacteria,0,0,0,-100,0.0,0.0,0.0,0.0,-0.0030475929618510003,,,-0.2668282,1.0,0.03,-0.2668282,70.8,48.0,11.0,0.0,0.00127,2.1461017,-0.2668282
253839,Streptomyces sp. C,"",1,253839,1883,2062,Bacteria,0,0,0,-100,0.0,0.0,0.0,0.0,-0.006657126696204949,,,-0.2866507,2.0,0.061,-0.2866507,90.25,40.5,10.0500002,0.0,0.00255,1.8545042,-0.2866507
-100001883,Non-species-specific reads in genus Streptomyces,,1,-100001883,1883,2062,Bacteria,0,0,0,-100,0.0,0.0,0.0,0.0,-0.0123838951727138,,,-0.3535619,3.0,0.092,-0.3535619,79.9,41.0,9.6000004,0.0,0.00382,11.84828,-0.3535619
5052,Aspergillus,"",2,-100,5052,1131492,Eukaryota,0,2.0,0.061,-0.410847,99.35,150.0,89.1390915,0.0,1.12864762,0.00255,4.6227355,-0.1850242,4.0,0.123,-0.1850242,90.75,40.75,11.5,0.0,0.0051,19.729393,-0.1850242
340412,Aspergillus novofumigatus,"",1,340412,5052,1131492,Eukaryota,0,0,0,-100,0.0,0.0,0.0,0.0,1.12864762,,,100.0,2.0,0.061,100.0,82.5,40.0,8.6000004,0.0,0.00255,0.0,100.0
5062,Aspergillus oryzae,"",1,5062,5052,1131492,Eukaryota,0,0,0,-100,0.0,0.0,0.0,0.0,-0.0008619111825540001,,,-0.155279,1.0,0.03,-0.155279,98.0,50.0,19.7000008,0.0,0.00127,0.0801928,-0.155279
-100005052,Non-species-specific reads in genus Aspergillus,,1,-100005052,5052,1131492,Eukaryota,0,0,0,-100,0.0,0.0,0.0,0.0,-0.002093908695069,,,-0.3772315,1.0,0.03,-0.3772315,100.0,33.0,9.1000004,0.0,0.00127,1.8988068,-0.3772315
5061,Aspergillus niger,"",1,5061,5052,1131492,Eukaryota,0,2.0,0.061,-0.3478776,99.35,150.0,89.1390915,0.0,-0.0087183925679592,0.00255,1.1097169,-0.3478776,0,0,-100,0.0,0.0,0.0,0.0,,,-0.3478776
114064,Myrmecia,"",2,-100,114064,-300,Eukaryota,0,2.0,0.061,4.1764531,99.65,150.0,89.8226547,0.0,1.064008390286476,0.00255,0.0014478,4.1764531,0,0,-100,0.0,0.0,0.0,0.0,,,4.1764531
3171,Myrmecia israeliensis,"",1,3171,114064,-300,Eukaryota,0,2.0,0.061,4.1764531,99.65,150.0,89.8226547,0.0,1.064008390286476,0.00255,0.0014478,4.1764531,0,0,-100,0.0,0.0,0.0,0.0,,,4.1764531
42695,Pseudomuriella,"",2,-100,42695,1656243,Eukaryota,0,6.0,0.185,1.558552,99.3167,146.667,86.8605881,0.0,1.055211325698608,0.00765,0.0181136,1.558552,0,0,-100,0.0,0.0,0.0,0.0,,,1.558552
-100042695,Non-species-specific reads in genus Pseudomuriella,,1,-100042695,42695,1656243,Eukaryota,0,2.0,0.061,11.099114,100.0,140.0,83.6777802,0.0,1.055211325698608,0.00255,0.000553,11.099114,0,0,-100,0.0,0.0,0.0,0.0,,,11.099114
889459,Pseudomuriella schumacherensis,"",1,889459,42695,1656243,Eukaryota,0,4.0,0.123,1.0036812,98.975,150.0,88.4519958,0.0,0.19240758901955515,0.0051,0.0175606,1.0036812,0,0,-100,0.0,0.0,0.0,0.0,,,1.0036812
13786,Trebouxia,"",2,-100,13786,-300,Eukaryota,0,3.0,0.092,0.3458819,93.2333,140.667,71.3259048,0.0,1.0376457000000001,0.00382,0.0340348,0.3458819,0,0,-100,0.0,0.0,0.0,0.0,,,0.3458819
285713,uncultured Trebouxia photobiont,"",1,285713,13786,-300,Eukaryota,0,1.0,0.03,100.0,89.3,131.0,58.3187599,0.0,1.0376457000000001,0.00127,0.0,100.0,0,0,-100,0.0,0.0,0.0,0.0,,,100.0
-100013786,Non-species-specific reads in genus Trebouxia,,1,-100013786,13786,-300,Eukaryota,0,2.0,0.061,2.8330391,95.2,145.5,77.829483,0.0,0.059773713747619694,0.00255,0.00312,2.8330391,0,0,-100,0.0,0.0,0.0,0.0,,,2.8330391
3066,Volvox,"",2,-100,3066,3065,Eukaryota,0,0,0,-100,0.0,0.0,0.0,0.0,0.5298912095569199,,,4.202742,1.0,0.03,4.202742,68.8,48.0,8.6000004,0.0,0.00127,0.000888,4.202742
3067,Volvox carteri,"",1,3067,3066,3065,Eukaryota,0,0,0,-100,0.0,0.0,0.0,0.0,0.5298912095569199,,,4.202742,1.0,0.03,4.202742,68.8,48.0,8.6000004,0.0,0.00127,0.000888,4.202742
7164,Anopheles,"",2,-100,7164,7157,Eukaryota,0,0,0,-100,0.0,0.0,0.0,0.0,0.41967312420378233,,,3.3407052,1.0,0.03,3.3407052,77.8,18.0,8.8000002,0.0,0.00127,0.0012279,3.3407052
74873,Anopheles sinensis,"",1,74873,7164,7157,Eukaryota,0,0,0,-100,0.0,0.0,0.0,0.0,0.41967312420378233,,,4.1874704,1.0,0.03,4.1874704,77.8,18.0,8.8000002,0.0,0.00127,0.0007102,4.1874704
84406,Virgibacillus,"",2,-100,84406,186817,Bacteria,0,0,0,-100,0.0,0.0,0.0,0.0,0.4018752,,,-0.1339584,1.0,0.03,-0.1339584,83.0,47.0,10.1999998,0.0,0.00127,1.5859165,-0.1339584
2024555,Virgibacillus sp. IO3-P3-H5,"",1,2024555,84406,186817,Bacteria,0,0,0,-100,0.0,0.0,0.0,0.0,0.4018752,,,100.0,1.0,0.03,100.0,83.0,47.0,10.1999998,0.0,0.00127,0.0,100.0
389486,Sediminicola,"",2,-100,389486,49546,Bacteria,0,0,0,-100,0.0,0.0,0.0,0.0,0.3975861,,,0.1325287,1.0,0.03,0.1325287,54.2,48.0,8.8999996,0.0,0.00127,0.0188755,0.1325287
319238,Sediminicola luteus,"",1,319238,389486,49546,Bacteria,0,0,0,-100,0.0,0.0,0.0,0.0,0.3975861,,,100.0,1.0,0.03,100.0,54.2,48.0,8.8999996,0.0,0.00127,0.0,100.0
59732,Chryseobacterium,"",2,-100,59732,49546,Bacteria,0,203.0,6.261,-0.1684029,98.5419,146.099,85.0008621,0.0,0.36541166237245437,0.25878,82.5736542,-0.1684029,78.0,2.405,-0.2306364,95.7487,47.4615,16.4846153,0.0,0.09943,50.5378647,-0.1684029
445960,Chryseobacterium jejuense,"",1,445960,59732,49546,Bacteria,0,0,0,-100,0.0,0.0,0.0,0.0,0.36541166237245437,,,8.5641216,6.0,0.185,8.5641216,95.8,47.6667,16.3666668,0.0,0.00765,0.0029249,8.5641216
267125,Chryseobacterium kwangjuense,"",1,267125,59732,49546,Bacteria,0,0,0,-100,0.0,0.0,0.0,0.0,0.041809952807829356,,,1.1771481,5.0,0.154,1.1771481,92.78,46.4,14.3199997,0.0,0.00637,0.0258039,1.1771481
1736361,Chryseobacterium sp. Leaf394,"",1,1736361,59732,49546,Bacteria,0,0,0,-100,0.0,0.0,0.0,0.0,0.02996817427655928,,,0.5281987,8.0,0.246,0.5281987,77.0875,47.375,10.9499998,0.0,0.0102,0.0653472,0.5281987
356305,Chryseobacterium wanjuense,"",1,356305,59732,49546,Bacteria,0,0,0,-100,0.0,0.0,0.0,0.0,0.029338884519741357,,,2.0853834,2.0,0.061,2.0853834,100.0,49.0,17.1000004,0.0,0.00255,0.0034488,2.0853834
1141221,Chryseobacterium taihuense,"",1,1141221,59732,49546,Bacteria,0,0,0,-100,0.0,0.0,0.0,0.0,0.0035257402612548,,,0.5095669,1.0,0.03,0.5095669,84.0,50.0,14.0,0.0,0.00127,0.0095362,0.5095669
421531,Chryseobacterium luteum,"",1,421531,59732,49546,Bacteria,0,0,0,-100,0.0,0.0,0.0,0.0,0.0023189960248189197,,,0.1648323,2.0,0.061,0.1648323,98.8,41.5,12.0500002,0.0,0.00255,0.0419595,0.1648323
1813611,Chryseobacterium cucumeris,"",1,1813611,59732,49546,Bacteria,0,0,0,-100,0.0,0.0,0.0,0.0,0.00135650293183872,,,0.0478176,4.0,0.123,0.0478176,100.0,49.5,18.5249996,0.0,0.0051,0.0892809,0.0478176
1932669,Chryseobacterium sp. JV274,"",1,1932669,59732,49546,Bacteria,0,0,0,-100,0.0,0.0,0.0,0.0,0.0012221019222299998,,,0.1766275,1.0,0.03,0.1766275,100.0,49.0,19.8999996,0.0,0.00127,0.0159228,0.1766275
373668,Chryseobacterium ureilyticum,"",1,373668,59732,49546,Bacteria,0,0,0,-100,0.0,0.0,0.0,0.0,0.000461250889542,,,0.0666635,1.0,0.03,0.0666635,98.0,49.0,18.8999996,0.0,0.00127,0.0234655,0.0666635
1612149,Chryseobacterium limigenitum,"",1,1612149,59732,49546,Bacteria,0,0,0,-100,0.0,0.0,0.0,0.0,-0.001024755580206,,,-0.1481055,1.0,0.03,-0.1481055,93.9,49.0,16.0,0.0,0.00127,0.2828041,-0.1481055
510955,Chryseobacterium solincola,"",1,510955,59732,49546,Bacteria,0,0,0,-100,0.0,0.0,0.0,0.0,-0.0032190278450601596,,,-0.1517082,3.0,0.092,-0.1517082,92.1,38.0,11.6999998,0.0,0.00382,0.8977355,-0.1517082
1324352,Chryseobacterium gallinarum,"",1,1324352,59732,49546,Bacteria,0,8.0,0.246,-0.1513557,98.7625,113.625,63.4580383,0.0,-0.0062702297476363794,0.0102,7.1197481,-0.1513557,0,0,-100,0.0,0.0,0.0,0.0,,,-0.1513557
878220,Chryseobacterium sp. StRB126,"",1,878220,59732,49546,Bacteria,0,18.0,0.555,-0.1505333,98.3278,149.667,86.8524246,0.0,-0.014069385567946352,0.02295,7.9339361,-0.1505333,0,0,-100,0.0,0.0,0.0,0.0,,,-0.1505333
-100059732,Non-species-specific reads in genus Chryseobacterium,,1,-100059732,59732,49546,Bacteria,0,28.0,0.863,-0.1647436,99.8321,149.0,89.4828949,0.0,-0.0952873241156586,0.03569,8.8572264,-0.1647436,41.0,1.264,-0.2447303,99.1024,48.0,17.9853649,0.0,0.05227,12.830327,-0.1647436
253,Chryseobacterium indologenes,"",1,253,59732,49546,Bacteria,0,149.0,4.595,-0.1795025,98.3134,146.866,85.0915833,0.0,-0.14160636240635271,0.18994,23.8267212,-0.1274967,3.0,0.092,-0.1274967,100.0,49.0,18.2333336,0.0,0.00382,1.6639876,-0.1274967
240565,Chlorellidium,"",2,-100,240565,240560,Eukaryota,0,2.0,0.061,1.7128341,100.0,149.0,89.8256531,0.0,0.1789618399014914,0.00255,0.0076126,1.7128341,0,0,-100,0.0,0.0,0.0,0.0,,,1.7128341
243652,Chlorellidium tetrabotrys,"",1,243652,240565,240560,Eukaryota,0,2.0,0.061,1.7128341,100.0,149.0,89.8256531,0.0,0.1789618399014914,0.00255,0.0076126,1.7128341,0,0,-100,0.0,0.0,0.0,0.0,,,1.7128341
2976,Vaucheria,"",2,-100,2976,2975,Eukaryota,0,2.0,0.061,0.9262538,91.9,118.5,55.2925148,0.0,0.05233471222288084,0.00255,0.0075995,0.9262538,0,0,-100,0.0,0.0,0.0,0.0,,,0.9262538
109269,Vaucheria litorea,"",1,109269,2976,2975,Eukaryota,0,2.0,0.061,0.9262538,91.9,118.5,55.2925148,0.0,0.05233471222288084,0.00255,0.0075995,0.9262538,0,0,-100,0.0,0.0,0.0,0.0,,,0.9262538
191392,Auxenochlorella,"",2,-100,191392,35461,Eukaryota,0,0,0,-100,0.0,0.0,0.0,0.0,0.0428228412120012,,,1.1947502,1.0,0.03,1.1947502,73.5,49.0,12.5,0.0,0.00127,0.0023498,1.1947502
3075,Auxenochlorella protothecoides,"",1,3075,191392,35461,Eukaryota,0,0,0,-100,0.0,0.0,0.0,0.0,0.0428228412120012,,,1.1947502,1.0,0.03,1.1947502,73.5,49.0,12.5,0.0,0.00127,0.0023498,1.1947502
680682,Amyelois,"",2,-100,680682,7135,Eukaryota,0,0,0,-100,0.0,0.0,0.0,0.0,0.0298486792990512,,,0.9974748,1.0,0.03,0.9974748,63.3,49.0,6.6999998,0.0,0.00127,0.0035988,0.9974748
680683,Amyelois transitella,"",1,680683,680682,7135,Eukaryota,0,0,0,-100,0.0,0.0,0.0,0.0,0.0298486792990512,,,0.9974748,1.0,0.03,0.9974748,63.3,49.0,6.6999998,0.0,0.00127,0.0035988,0.9974748
55528,Guillardia,"",2,-100,55528,589343,Eukaryota,0,0,0,-100,0.0,0.0,0.0,0.0,0.024771310214709758,,,0.6372496,2.0,0.061,0.6372496,87.05,43.0,11.3500004,0.0,0.00255,0.0128479,0.6372496
55529,Guillardia theta,"",1,55529,55528,589343,Eukaryota,0,0,0,-100,0.0,0.0,0.0,0.0,0.024771310214709758,,,0.6372496,2.0,0.061,0.6372496,87.05,43.0,11.3500004,0.0,0.00255,0.0128479,0.6372496
7069,Tribolium,"",2,-100,7069,7065,Eukaryota,0,0,0,-100,0.0,0.0,0.0,0.0,0.008136003245722289,,,0.3652083,2.0,0.061,0.3652083,67.0,50.0,10.1999998,0.0,0.00255,0.0164691,0.3652083
7070,Tribolium castaneum,red flour beetle,1,7070,7069,7065,Eukaryota,0,0,0,-100,0.0,0.0,0.0,0.0,0.008136003245722289,,,0.3652083,2.0,0.061,0.3652083,67.0,50.0,10.1999998,0.0,0.00255,0.0164691,0.3652083
1578,Lactobacillus,"",2,-100,1578,33958,Bacteria,0,0,0,-100,0.0,0.0,0.0,0.0,0.0049802757289341,,,-0.3753701,2.0,0.061,-0.3753701,81.45,45.5,10.8500004,0.0,0.00255,32.0280991,-0.3753701
375175,Lactobacillus backii,"",1,375175,1578,33958,Bacteria,0,0,0,-100,0.0,0.0,0.0,0.0,0.0049802757289341,,,0.4422547,1.0,0.03,0.4422547,80.0,50.0,11.0,0.0,0.00127,0.0077747,0.4422547
1598,Lactobacillus reuteri,"",1,1598,1578,33958,Bacteria,0,0,0,-100,0.0,0.0,0.0,0.0,-0.0035362712479059,,,-0.3140253,1.0,0.03,-0.3140253,82.9,41.0,10.6999998,0.0,0.00127,0.23852,-0.3140253
3877,Medicago,medics,2,-100,3877,3803,Eukaryota,0,0,0,-100,0.0,0.0,0.0,0.0,0.0030576513540971997,,,0.3192518,1.0,0.03,0.3192518,85.7,28.0,8.8999996,0.0,0.00127,0.0117939,0.3192518
3880,Medicago truncatula,barrel medic,1,3880,3877,3803,Eukaryota,0,0,0,-100,0.0,0.0,0.0,0.0,0.0030576513540971997,,,0.3192518,1.0,0.03,0.3192518,85.7,28.0,8.8999996,0.0,0.00127,0.0117939,0.3192518
810,Chlamydia,"",2,-100,810,809,Bacteria,0,0,0,-100,0.0,0.0,0.0,0.0,0.00238343336725824,,,-0.2787152,3.0,0.092,-0.2787152,80.7667,34.6667,8.833333,0.0,0.00382,6.0485559,-0.2787152
83555,Chlamydia abortus,"",1,83555,810,809,Bacteria,0,0,0,-100,0.0,0.0,0.0,0.0,0.00238343336725824,,,0.0929511,3.0,0.092,0.0929511,80.7667,34.6667,8.833333,0.0,0.00382,0.0674273,0.0929511
286,Pseudomonas,"",2,-100,286,135621,Bacteria,0,2.0,0.061,-0.320011,99.65,150.0,89.8226547,0.0,0.0019418244985392001,0.00255,265.850708,-0.320011,2.0,0.061,-0.3524936,85.0,49.5,12.8000002,0.0,0.00255,218.6425781,-0.320011
1619949,Pseudomonas sp. 5,"",1,1619949,286,135621,Bacteria,0,0,0,-100,0.0,0.0,0.0,0.0,0.0019418244985392001,,,0.1836274,1.0,0.03,0.1836274,100.0,49.0,18.5,0.0,0.00127,0.0140799,0.1836274
317,Pseudomonas syringae,"",1,317,286,135621,Bacteria,0,0,0,-100,0.0,0.0,0.0,0.0,-0.0024553794742512,,,-0.2321914,1.0,0.03,-0.2321914,70.0,50.0,7.0999999,0.0,0.00127,3.3104217,-0.2321914
-100000286,Non-species-specific reads in genus Pseudomonas,,1,-100000286,286,135621,Bacteria,0,2.0,0.061,-0.2654957,99.65,150.0,89.8226547,0.0,-0.0051826542116147,0.00255,60.3044739,-0.2654957,0,0,-100,0.0,0.0,0.0,0.0,,,-0.2654957
107,Spirosoma,"",2,-100,107,89373,Bacteria,0,0,0,-100,0.0,0.0,0.0,0.0,0.0010158281543088,,,-0.3970416,1.0,0.03,-0.3970416,91.4,35.0,8.6999998,0.0,0.00127,1.2898426,-0.3970416
662367,Spirosoma endophyticum,"",1,662367,107,89373,Bacteria,0,0,0,-100,0.0,0.0,0.0,0.0,0.0010158281543088,,,0.0852831,1.0,0.03,0.0852831,91.4,35.0,8.6999998,0.0,0.00127,0.022195,0.0852831
158483,Cedecea,"",2,-100,158483,543,Bacteria,0,2.0,0.061,-0.0639929,99.65,114.5,65.6036301,0.0,-0.00024980056627501,0.00255,0.1165818,-0.0639929,0,0,-100,0.0,0.0,0.0,0.0,,,-0.0639929
158822,Cedecea neteri,"",1,158822,158483,543,Bacteria,0,2.0,0.061,-0.0639929,99.65,114.5,65.6036301,0.0,-0.00024980056627501,0.00255,0.1165818,-0.0639929,0,0,-100,0.0,0.0,0.0,0.0,,,-0.0639929
234,Brucella,"",2,-100,234,118882,Bacteria,0,0,0,-100,0.0,0.0,0.0,0.0,-0.0004402228396584,,,-0.1166414,1.0,0.03,-0.1166414,79.1,43.0,10.3000002,0.0,0.00127,74.2427673,-0.1166414
29461,Brucella suis,"",1,29461,234,118882,Bacteria,0,0,0,-100,0.0,0.0,0.0,0.0,-0.0004402228396584,,,-0.1258052,1.0,0.03,-0.1258052,79.1,43.0,10.3000002,0.0,0.00127,37.3483353,-0.1258052
626,Xenorhabdus,"",2,-100,626,1903414,Bacteria,0,0,0,-100,0.0,0.0,0.0,0.0,-0.000574041403443,,,-0.2782543,1.0,0.03,-0.2782543,78.0,50.0,12.6000004,0.0,0.00127,0.1279614,-0.2782543
40576,Xenorhabdus bovienii,"",1,40576,626,1903414,Bacteria,0,0,0,-100,0.0,0.0,0.0,0.0,-0.000574041403443,,,-0.068767,1.0,0.03,-0.068767,78.0,50.0,12.6000004,0.0,0.00127,0.0387566,-0.068767
4480,Aegilops,"",2,-100,4480,4479,Eukaryota,0,0,0,-100,0.0,0.0,0.0,0.0,-0.0007880219403852,,,-0.1620722,1.0,0.03,-0.1620722,72.0,50.0,10.5,0.0,0.00127,0.3567617,-0.1620722
37682,Aegilops tauschii,"",1,37682,4480,4479,Eukaryota,0,0,0,-100,0.0,0.0,0.0,0.0,-0.0007880219403852,,,-0.1620722,1.0,0.03,-0.1620722,72.0,50.0,10.5,0.0,0.00127,0.3567617,-0.1620722
1612157,Pararhodospirillum,"",2,-100,1612157,41295,Bacteria,0,0,0,-100,0.0,0.0,0.0,0.0,-0.0007921483303773001,,,-0.1625713,1.0,0.03,-0.1625713,77.6,49.0,13.1000004,0.0,0.00127,18.3714905,-0.1625713
1084,Pararhodospirillum photometricum,"",1,1084,1612157,41295,Bacteria,0,0,0,-100,0.0,0.0,0.0,0.0,-0.0007921483303773001,,,-0.1624207,1.0,0.03,-0.1624207,77.6,49.0,13.1000004,0.0,0.00127,18.3541603,-0.1624207
44249,Paenibacillus,"",2,-100,44249,186822,Bacteria,0,0,0,-100,0.0,0.0,0.0,0.0,-0.0008049376893645,,,-0.4169873,1.0,0.03,-0.4169873,68.8,48.0,10.8000002,0.0,0.00127,9.1731043,-0.4169873
189426,Paenibacillus odorifer,"",1,189426,44249,186822,Bacteria,0,0,0,-100,0.0,0.0,0.0,0.0,-0.0008049376893645,,,-0.0643455,1.0,0.03,-0.0643455,68.8,48.0,10.8000002,0.0,0.00127,0.0393183,-0.0643455
237,Flavobacterium,"",2,-100,237,49546,Bacteria,0,0,0,-100,0.0,0.0,0.0,0.0,-0.0009003810282969,,,-0.1710487,1.0,0.03,-0.1710487,95.2,21.0,12.5,0.0,0.00127,20.4944839,-0.1710487
-100000237,Non-species-specific reads in genus Flavobacterium,,1,-100000237,237,49546,Bacteria,0,0,0,-100,0.0,0.0,0.0,0.0,-0.0009003810282969,,,-0.1754629,1.0,0.03,-0.1754629,95.2,21.0,12.5,0.0,0.00127,3.7507894,-0.1754629
469,Acinetobacter,"",2,-100,469,468,Bacteria,0,0,0,-100,0.0,0.0,0.0,0.0,-0.0010280384424974699,,,-0.1296213,2.0,0.061,-0.1296213,96.2,43.0,15.3500004,0.0,0.00255,1587.9273682,-0.1296213
470,Acinetobacter baumannii,"",1,470,469,468,Bacteria,0,0,0,-100,0.0,0.0,0.0,0.0,-0.0010280384424974699,,,-0.1300179,2.0,0.061,-0.1300179,96.2,43.0,15.3500004,0.0,0.00255,41.9232101,-0.1300179
34098,Blattabacterium,"",2,-100,34098,39782,Bacteria,0,0,0,-100,0.0,0.0,0.0,0.0,-0.0010483465928939999,,,-0.239178,2.0,0.061,-0.239178,88.6,43.5,11.1999998,0.0,0.00255,0.2823727,-0.239178
39768,Blattabacterium sp. (Mastotermes darwiniensis),"",1,39768,34098,39782,Bacteria,0,0,0,-100,0.0,0.0,0.0,0.0,-0.0010483465928939999,,,-0.1461041,1.0,0.03,-0.1461041,87.2,47.0,12.0,0.0,0.00127,0.0924655,-0.1461041
-100034098,Non-species-specific reads in genus Blattabacterium,,1,-100034098,34098,39782,Bacteria,0,0,0,-100,0.0,0.0,0.0,0.0,-0.0013229633579759999,,,-0.1843764,1.0,0.03,-0.1843764,90.0,40.0,10.3999996,0.0,0.00127,0.1772774,-0.1843764
5626,Grifola,"",2,-100,5626,2028216,Eukaryota,0,0,0,-100,0.0,0.0,0.0,0.0,-0.0010882092090287998,,,-0.1904564,1.0,0.03,-0.1904564,72.0,50.0,9.8000002,0.0,0.00127,0.1991616,-0.1904564
5627,Grifola frondosa,"",1,5627,5626,2028216,Eukaryota,0,0,0,-100,0.0,0.0,0.0,0.0,-0.0010882092090287998,,,-0.1904564,1.0,0.03,-0.1904564,72.0,50.0,9.8000002,0.0,0.00127,0.1991616,-0.1904564
1125,Microcystis,"",2,-100,1125,1890449,Bacteria,0,0,0,-100,0.0,0.0,0.0,0.0,-0.0010991635546721999,,,-0.1929526,1.0,0.03,-0.1929526,78.0,41.0,7.1999998,0.0,0.00127,0.3914985,-0.1929526
1126,Microcystis aeruginosa,"",1,1126,1125,1890449,Bacteria,0,0,0,-100,0.0,0.0,0.0,0.0,-0.0010991635546721999,,,-0.1898849,1.0,0.03,-0.1898849,78.0,41.0,7.1999998,0.0,0.00127,0.374114,-0.1898849
1301,Streptococcus,"",2,-100,1301,1300,Bacteria,0,4.0,0.123,-0.2021828,99.65,150.0,89.8226547,0.0,-0.0011298611894591999,0.0051,351.6603699,-0.2021828,2.0,0.061,-0.2123116,89.75,44.0,12.6000004,0.0,0.00255,222.1842041,-0.2021828
1328,Streptococcus anginosus,"",1,1328,1301,1300,Bacteria,0,0,0,-100,0.0,0.0,0.0,0.0,-0.0011298611894591999,,,-0.1773904,1.0,0.03,-0.1773904,100.0,49.0,18.3999996,0.0,0.00127,23.0296421,-0.1773904
1313,Streptococcus pneumoniae,"",1,1313,1301,1300,Bacteria,0,0,0,-100,0.0,0.0,0.0,0.0,-0.0012835006911108,,,-0.2015121,1.0,0.03,-0.2015121,79.5,39.0,6.8000002,0.0,0.00127,57.4516449,-0.2015121
45634,Streptococcus cristatus,"",1,45634,1301,1300,Bacteria,0,2.0,0.061,-0.1503853,99.3,150.0,89.1366806,0.0,-0.00185472458300324,0.00255,1.2023833,-0.1503853,0,0,-100,0.0,0.0,0.0,0.0,,,-0.1503853
-100001301,Non-species-specific reads in genus Streptococcus,,1,-100001301,1301,1300,Bacteria,0,2.0,0.061,-0.2014012,100.0,150.0,90.5086365,0.0,-0.00248391137090096,0.00255,193.0076752,-0.2014012,0,0,-100,0.0,0.0,0.0,0.0,,,-0.2014012
6209,Echinococcus,"",2,-100,6209,6208,Eukaryota,0,0,0,-100,0.0,0.0,0.0,0.0,-0.00120184575163344,,,-0.1403652,2.0,0.061,-0.1403652,90.55,42.5,11.9499998,0.0,0.00255,0.1441875,-0.1403652
6210,Echinococcus granulosus,"",1,6210,6209,6208,Eukaryota,0,0,0,-100,0.0,0.0,0.0,0.0,-0.00120184575163344,,,-0.1403652,2.0,0.061,-0.1403652,90.55,42.5,11.9499998,0.0,0.00255,0.1441875,-0.1403652
3817,Arachis,"",2,-100,3817,3803,Eukaryota,0,0,0,-100,0.0,0.0,0.0,0.0,-0.0013445888098904,,,-0.1513114,2.0,0.061,-0.1513114,84.35,31.0,10.5,0.0,0.00255,3.5220227,-0.1513114
130453,Arachis duranensis,"",1,130453,3817,3803,Eukaryota,0,0,0,-100,0.0,0.0,0.0,0.0,-0.0013445888098904,,,-0.145676,2.0,0.061,-0.145676,84.35,31.0,10.5,0.0,0.00255,1.0437827,-0.145676
1835,Saccharopolyspora,"",2,-100,1835,2070,Bacteria,0,2.0,0.061,-0.1495649,95.45,144.5,77.8376541,0.0,-0.00139447598791639,0.00255,2.4420657,-0.1495649,0,0,-100,0.0,0.0,0.0,0.0,,,-0.1495649
1836,Saccharopolyspora erythraea,"",1,1836,1835,2070,Bacteria,0,2.0,0.061,-0.1528451,95.45,144.5,77.8376541,0.0,-0.00139447598791639,0.00255,2.152102,-0.1528451,0,0,-100,0.0,0.0,0.0,0.0,,,-0.1528451
4958,Debaryomyces,"",2,-100,4958,766764,Eukaryota,0,2.0,0.061,-0.1609176,100.0,150.0,90.5086365,0.0,-0.00149931732919536,0.00255,0.3397595,-0.1609176,0,0,-100,0.0,0.0,0.0,0.0,,,-0.1609176
4959,Debaryomyces hansenii,"",1,4959,4958,766764,Eukaryota,0,2.0,0.061,-0.1527426,100.0,150.0,90.5086365,0.0,-0.00149931732919536,0.00255,0.3242502,-0.1527426,0,0,-100,0.0,0.0,0.0,0.0,,,-0.1527426
337004,Microcella,"",2,-100,337004,85023,Bacteria,0,2.0,0.061,-0.1583795,96.75,144.0,80.2369614,0.0,-0.0015189771284823503,0.00255,0.5524317,-0.1583795,0,0,-100,0.0,0.0,0.0,0.0,,,-0.1583795
279828,Microcella alkaliphila,"",1,279828,337004,85023,Bacteria,0,2.0,0.061,-0.1572253,96.75,144.0,80.2369614,0.0,-0.0015189771284823503,0.00255,0.5383157,-0.1572253,0,0,-100,0.0,0.0,0.0,0.0,,,-0.1572253
1023,Microscilla,"",2,-100,1023,1937962,Bacteria,0,0,0,-100,0.0,0.0,0.0,0.0,-0.0015459398828419001,,,-0.1763489,2.0,0.061,-0.1763489,72.9,42.5,8.4499998,0.0,0.00255,0.172723,-0.1763489
1027,Microscilla marina,"",1,1027,1023,1937962,Bacteria,0,0,0,-100,0.0,0.0,0.0,0.0,-0.0015459398828419001,,,-0.143711,2.0,0.061,-0.143711,72.9,42.5,8.4499998,0.0,0.00255,0.1456027,-0.143711
577309,Paraprevotella,"",2,-100,577309,171552,Bacteria,0,0,0,-100,0.0,0.0,0.0,0.0,-0.0021952483924206,,,-0.2926649,1.0,0.03,-0.2926649,71.4,49.0,9.3999996,0.0,0.00127,0.2709362,-0.2926649
454154,Paraprevotella clara,"",1,454154,577309,171552,Bacteria,0,0,0,-100,0.0,0.0,0.0,0.0,-0.0021952483924206,,,-0.2500298,1.0,0.03,-0.2500298,71.4,49.0,9.3999996,0.0,0.00127,0.2272427,-0.2500298
590,Salmonella,"",2,-100,590,543,Bacteria,0,0,0,-100,0.0,0.0,0.0,0.0,-0.0026281252636386,,,-0.2962517,1.0,0.03,-0.2962517,100.0,20.0,18.8999996,0.0,0.00127,4.2271333,-0.2962517
28901,Salmonella enterica,"",1,28901,590,543,Bacteria,0,0,0,-100,0.0,0.0,0.0,0.0,-0.0026281252636386,,,-0.2957086,1.0,0.03,-0.2957086,100.0,20.0,18.8999996,0.0,0.00127,4.12431,-0.2957086
-200085023,Non-genus-specific reads in family Microbacteriaceae,,2,-100,-200085023,85023,Bacteria,0,2.0,0.061,-0.2103961,99.35,150.0,89.1390915,0.0,-0.00268731440012996,0.00255,3.2530153,-0.2103961,0,0,-100,0.0,0.0,0.0,0.0,,,-0.2103961
-100085023,Non-species-specific reads in family Microbacteriaceae,,1,-100085023,-200085023,85023,Bacteria,0,2.0,0.061,-0.2093876,99.35,150.0,89.1390915,0.0,-0.00268731440012996,0.00255,3.2350988,-0.2093876,0,0,-100,0.0,0.0,0.0,0.0,,,-0.2093876
5277,Leucosporidium,"",2,-100,5277,1163720,Eukaryota,0,2.0,0.061,-0.211884,96.7,122.0,65.886055,0.0,-0.0027049138773035998,0.00255,0.2881191,-0.211884,0,0,-100,0.0,0.0,0.0,0.0,,,-0.211884
662878,Leucosporidium sp. AY30,"",1,662878,5277,1163720,Eukaryota,0,2.0,0.061,-0.2092789,96.7,122.0,65.886055,0.0,-0.0027049138773035998,0.00255,0.2812412,-0.2092789,0,0,-100,0.0,0.0,0.0,0.0,,,-0.2092789
1654,Actinomyces,"",2,-100,1654,2049,Bacteria,0,2.0,0.061,-0.3188514,100.0,132.0,78.2147293,0.0,-0.002733294869613,0.00255,13.2514277,-0.3188514,5.0,0.154,-0.334173,89.24,43.4,12.7799997,0.0,0.00637,20.540802,-0.3188514
131111,Actinomyces turicensis,"",1,131111,1654,2049,Bacteria,0,0,0,-100,0.0,0.0,0.0,0.0,-0.002733294869613,,,-0.2726427,1.0,0.03,-0.2726427,84.6,39.0,9.3000002,0.0,0.00127,2.6200087,-0.2726427
52770,Actinomyces hordeovulneris,"",1,52770,1654,2049,Bacteria,0,0,0,-100,0.0,0.0,0.0,0.0,-0.0037579188454689,,,-0.1843513,2.0,0.061,-0.1843513,83.85,40.0,8.1999998,0.0,0.00255,4.011373,-0.1843513
544580,Actinomyces oris,"",1,544580,1654,2049,Bacteria,0,0,0,-100,0.0,0.0,0.0,0.0,-0.0043539794828313,,,-0.2135921,2.0,0.061,-0.2135921,96.95,49.0,19.1000004,0.0,0.00255,2.6648812,-0.2135921
1655,Actinomyces naeslundii,"",1,1655,1654,2049,Bacteria,0,2.0,0.061,-0.2279945,100.0,132.0,78.2147293,0.0,-0.0044344782965553,0.00255,2.6766622,-0.2279945,0,0,-100,0.0,0.0,0.0,0.0,,,-0.2279945
1716,Corynebacterium,"",2,-100,1716,1653,Bacteria,0,7.0,0.215,-0.2628985,96.5857,136.857,75.6566238,0.0,-0.0027467984935005,0.00892,173.0034485,-0.2628985,0,0,-100,0.0,0.0,0.0,0.0,,,-0.2628985
1705,Corynebacterium stationis,"",1,1705,1716,1653,Bacteria,0,1.0,0.03,-0.3482711,80.2,121.0,37.7695503,0.0,-0.0027467984935005,0.00127,1.4870578,-0.3482711,0,0,-100,0.0,0.0,0.0,0.0,,,-0.3482711
161896,Corynebacterium camporealensis,"",1,161896,1716,1653,Bacteria,0,2.0,0.061,-0.2517635,100.0,121.0,70.7147293,0.0,-0.004037483036789749,0.00255,2.9436579,-0.2517635,0,0,-100,0.0,0.0,0.0,0.0,,,-0.2517635
169292,Corynebacterium aurimucosum,"",1,169292,1716,1653,Bacteria,0,4.0,0.123,-0.2222557,98.975,148.75,87.5993423,0.0,-0.00718697488801335,0.0051,5.3440485,-0.2222557,0,0,-100,0.0,0.0,0.0,0.0,,,-0.2222557
80865,Delftia,"",2,-100,80865,80864,Bacteria,0,26.0,0.801,-0.1453391,99.2269,149.923,88.8744049,0.0,-0.00296994865468387,0.03314,258.5815735,-0.1453391,20.0,0.616,-0.3748764,99.39,47.7,17.7199993,0.0,0.0255,51.2734833,-0.1453391
1920191,Delftia sp. HK171,"",1,1920191,80865,80864,Bacteria,0,2.0,0.061,-0.3349937,98.0,150.0,86.3959122,0.0,-0.00296994865468387,0.00255,5.5464201,-0.3349937,0,0,-100,0.0,0.0,0.0,0.0,,,-0.3349937
180282,Delftia tsuruhatensis,"",1,180282,80865,80864,Bacteria,0,4.0,0.123,-0.3452368,100.0,150.0,90.5086365,0.0,-0.00617169791326224,0.0051,18.4380016,-0.3452368,0,0,-100,0.0,0.0,0.0,0.0,,,-0.3452368
80866,Delftia acidovorans,"",1,80866,80865,80864,Bacteria,0,14.0,0.431,-0.3790546,99.0929,149.857,88.5510483,0.0,-0.02782797021984706,0.01785,26.797102,-0.3631022,1.0,0.03,-0.3631022,98.0,49.0,16.8999996,0.0,0.00127,7.2441068,-0.3631022
-100080865,Non-species-specific reads in genus Delftia,,1,-100080865,80865,80864,Bacteria,0,6.0,0.185,-0.1117029,99.4333,150.0,89.3655853,0.0,-0.08247964138784042,0.00765,188.3581085,-0.1117029,19.0,0.586,-0.3617857,99.4632,47.6316,17.7631588,0.0,0.02422,33.4866447,-0.1117029
1743,Propionibacterium,"",2,-100,1743,31957,Bacteria,0,0,0,-100,0.0,0.0,0.0,0.0,-0.0029736117931559993,,,-0.355046,1.0,0.03,-0.355046,81.0,42.0,10.8000002,0.0,0.00127,4.9666848,-0.355046
1744,Propionibacterium freudenreichii,"",1,1744,1743,31957,Bacteria,0,0,0,-100,0.0,0.0,0.0,0.0,-0.0029736117931559993,,,-0.2791762,1.0,0.03,-0.2791762,81.0,42.0,10.8000002,0.0,0.00127,2.6900177,-0.2791762
1696,Brevibacterium,"",2,-100,1696,85019,Bacteria,0,2.0,0.061,-0.2160443,98.5,134.5,77.1777802,0.0,-0.00299941202144942,0.00255,4.9709649,-0.2160443,0,0,-100,0.0,0.0,0.0,0.0,,,-0.2160443
1136497,Brevibacterium siliguriense,"",1,1136497,1696,85019,Bacteria,0,2.0,0.061,-0.2275954,98.5,134.5,77.1777802,0.0,-0.00299941202144942,0.00255,0.6496213,-0.2275954,0,0,-100,0.0,0.0,0.0,0.0,,,-0.2275954
4564,Triticum,"",2,-100,4564,4479,Eukaryota,0,2.0,0.061,-0.2436366,90.65,150.0,71.2993011,0.0,-0.0034448449849196405,0.00255,0.3294598,-0.2436366,0,0,-100,0.0,0.0,0.0,0.0,,,-0.2436366
4565,Triticum aestivum,bread wheat,1,4565,4564,4479,Eukaryota,0,2.0,0.061,-0.2317914,90.65,150.0,71.2993011,0.0,-0.0034448449849196405,0.00255,0.314967,-0.2317914,0,0,-100,0.0,0.0,0.0,0.0,,,-0.2317914
816,Bacteroides,"",2,-100,816,815,Bacteria,0,0,0,-100,0.0,0.0,0.0,0.0,-0.0039803328558972,,,-0.419221,3.0,0.092,-0.419221,76.0667,48.6667,9.9666662,0.0,0.00382,14.0153046,-0.419221
310297,Bacteroides plebeius,"",1,310297,816,815,Bacteria,0,0,0,-100,0.0,0.0,0.0,0.0,-0.0039803328558972,,,-0.1032021,3.0,0.092,-0.1032021,76.0667,48.6667,9.9666662,0.0,0.00382,0.1849338,-0.1032021
-200031957,Non-genus-specific reads in family Propionibacteriaceae,,2,-100,-200031957,31957,Bacteria,0,2.0,0.061,-0.2709947,100.0,149.5,90.166275,0.0,-0.00445636792693639,0.00255,2.5053201,-0.2709947,0,0,-100,0.0,0.0,0.0,0.0,,,-0.2709947
-100031957,Non-species-specific reads in family Propionibacteriaceae,,1,-100031957,-200031957,31957,Bacteria,0,2.0,0.061,-0.2695817,100.0,149.5,90.166275,0.0,-0.00445636792693639,0.00255,2.4855154,-0.2695817,0,0,-100,0.0,0.0,0.0,0.0,,,-0.2695817
724,Haemophilus,"",2,-100,724,712,Bacteria,0,1.0,0.03,-0.3787235,95.5,134.0,71.3467865,0.0,-0.0052162038003285005,0.00127,15.8644381,-0.2692251,1.0,0.03,-0.2692251,94.4,36.0,12.8999996,0.0,0.00127,5.876996,-0.2692251
730,[Haemophilus] ducreyi,"",1,730,724,712,Bacteria,0,1.0,0.03,-0.3464523,95.5,134.0,71.3467865,0.0,-0.0052162038003285005,0.00127,10.3616877,-0.158469,1.0,0.03,-0.158469,94.4,36.0,12.8999996,0.0,0.00127,0.2122397,-0.158469
1073,Rhodopseudomonas,"",2,-100,1073,41294,Bacteria,0,2.0,0.061,-0.3021497,92.4,145.5,72.3420181,0.0,-0.0055652968048335305,0.00255,91.0788574,-0.3021497,0,0,-100,0.0,0.0,0.0,0.0,,,-0.3021497
1076,Rhodopseudomonas palustris,"",1,1076,1073,41294,Bacteria,0,2.0,0.061,-0.3019509,92.4,145.5,72.3420181,0.0,-0.0055652968048335305,0.00255,90.8919983,-0.3019509,0,0,-100,0.0,0.0,0.0,0.0,,,-0.3019509
-200000543,Non-genus-specific reads in family Enterobacteriaceae,,2,-100,-200000543,543,Bacteria,0,2.0,0.061,-0.1500403,100.0,150.0,90.5086365,0.0,-0.00634746633997845,0.00255,57.4310608,-0.1500403,3.0,0.092,-0.2342894,99.2667,48.0,19.4666672,0.0,0.00382,44.0795135,-0.1500403
-100000543,Non-species-specific reads in family Enterobacteriaceae,,1,-100000543,-200000543,543,Bacteria,0,2.0,0.061,-0.1490115,100.0,150.0,90.5086365,0.0,-0.00634746633997845,0.00255,57.0027008,-0.1490115,3.0,0.092,-0.23121,99.2667,48.0,19.4666672,0.0,0.00382,43.1946716,-0.1490115
37914,Dietzia,"",2,-100,37914,85029,Bacteria,0,2.0,0.061,-0.3167172,100.0,149.0,89.8256531,0.0,-0.006455839093298999,0.00255,0.8198339,-0.3167172,0,0,-100,0.0,0.0,0.0,0.0,,,-0.3167172
499555,Dietzia timorensis,"",1,499555,37914,85029,Bacteria,0,2.0,0.061,-0.3341575,100.0,149.0,89.8256531,0.0,-0.006455839093298999,0.00255,0.5237164,-0.3341575,0,0,-100,0.0,0.0,0.0,0.0,,,-0.3341575
-200080864,Non-genus-specific reads in family Comamonadaceae,,2,-100,-200080864,80864,Bacteria,0,0,0,-100,0.0,0.0,0.0,0.0,-0.0064725020879903995,,,-0.3351186,2.0,0.061,-0.3351186,100.0,49.5,16.5499992,0.0,0.00255,95.6518402,-0.3351186
-100080864,Non-species-specific reads in family Comamonadaceae,,1,-100080864,-200080864,80864,Bacteria,0,0,0,-100,0.0,0.0,0.0,0.0,-0.0064725020879903995,,,-0.316624,2.0,0.061,-0.316624,100.0,49.5,16.5499992,0.0,0.00255,84.5602112,-0.316624
1763,Mycobacterium,"",2,-100,1763,1762,Bacteria,0,0,0,-100,0.0,0.0,0.0,0.0,-0.0066509812786336,,,-0.3688352,10.0,0.308,-0.3688352,96.76,46.9,16.7600002,0.0,0.01275,117.5283661,-0.3688352
1773,Mycobacterium tuberculosis,"",1,1773,1763,1762,Bacteria,0,0,0,-100,0.0,0.0,0.0,0.0,-0.0066509812786336,,,-0.295613,2.0,0.061,-0.295613,100.0,50.0,19.3500004,0.0,0.00255,11.8744144,-0.295613
36809,Mycobacterium abscessus,"",1,36809,1763,1762,Bacteria,0,0,0,-100,0.0,0.0,0.0,0.0,-0.023972560228389117,,,-0.2642086,8.0,0.246,-0.2642086,95.95,46.125,16.1124992,0.0,0.0102,36.2637901,-0.2642086
2053,Gordonia,"",2,-100,2053,85026,Bacteria,0,2.0,0.061,-0.3342178,96.9,146.0,81.5975876,0.0,-0.007255380379746661,0.00255,21.0054722,-0.3342178,0,0,-100,0.0,0.0,0.0,0.0,,,-0.3342178
2054,Gordonia bronchialis,"",1,2054,2053,85026,Bacteria,0,2.0,0.061,-0.3558777,96.9,146.0,81.5975876,0.0,-0.007255380379746661,0.00255,1.4070216,-0.3558777,0,0,-100,0.0,0.0,0.0,0.0,,,-0.3558777
38501,Blastococcus,"",2,-100,38501,85030,Bacteria,0,2.0,0.061,-0.3519396,99.35,148.5,88.1127396,0.0,-0.00743651503543044,0.00255,3.2770743,-0.3519396,0,0,-100,0.0,0.0,0.0,0.0,,,-0.3519396
138336,Blastococcus saxobsidens,"",1,138336,38501,85030,Bacteria,0,2.0,0.061,-0.3463949,99.35,148.5,88.1127396,0.0,-0.00743651503543044,0.00255,3.0486743,-0.3463949,0,0,-100,0.0,0.0,0.0,0.0,,,-0.3463949
561,Escherichia,"",2,-100,561,543,Bacteria,0,0,0,-100,0.0,0.0,0.0,0.0,-0.00772348222889012,,,-0.2247553,5.0,0.154,-0.2247553,91.44,48.4,15.8400002,0.0,0.00637,8.225688,-0.2247553
562,Escherichia coli,"",1,562,561,543,Bacteria,0,0,0,-100,0.0,0.0,0.0,0.0,-0.00772348222889012,,,-0.2231426,5.0,0.154,-0.2231426,91.44,48.4,15.8400002,0.0,0.00637,7.8056035,-0.2231426
40323,Stenotrophomonas,"",2,-100,40323,32033,Bacteria,0,2.0,0.061,-0.349746,100.0,116.5,67.6255188,0.0,-0.0078083950607904,0.00255,92.2737961,-0.349746,0,0,-100,0.0,0.0,0.0,0.0,,,-0.349746
-100040323,Non-species-specific reads in genus Stenotrophomonas,,1,-100040323,40323,32033,Bacteria,0,2.0,0.061,-0.3659984,100.0,116.5,67.6255188,0.0,-0.0078083950607904,0.00255,5.6866045,-0.3659984,0,0,-100,0.0,0.0,0.0,0.0,,,-0.3659984
34084,Riemerella,"",2,-100,34084,49546,Bacteria,0,0,0,-100,0.0,0.0,0.0,0.0,-0.007971705829623,,,-0.2635585,4.0,0.123,-0.2635585,94.25,44.0,13.9250002,0.0,0.0051,2.0512416,-0.2635585
34085,Riemerella anatipestifer,"",1,34085,34084,49546,Bacteria,0,0,0,-100,0.0,0.0,0.0,0.0,-0.007971705829623,,,-0.245906,4.0,0.123,-0.245906,94.25,44.0,13.9250002,0.0,0.0051,1.8977886,-0.245906
1827,Rhodococcus,"",2,-100,1827,85025,Bacteria,0,0,0,-100,0.0,0.0,0.0,0.0,-0.0100830968253994,,,-0.3628685,3.0,0.092,-0.3628685,89.6667,39.3333,11.6333332,0.0,0.00382,75.4577942,-0.3628685
260936,Rhodococcus sp. RD6.2,"",1,260936,1827,85025,Bacteria,0,0,0,-100,0.0,0.0,0.0,0.0,-0.0100830968253994,,,-0.3020347,3.0,0.092,-0.3020347,89.6667,39.3333,11.6333332,0.0,0.00382,13.1019373,-0.3020347
613,Serratia,"",2,-100,613,1903411,Bacteria,0,8.0,0.246,-0.3796107,100.0,150.0,90.5086365,0.0,-0.0117298126036725,0.0102,3.2348566,-0.2399968,4.0,0.123,-0.2399968,96.6,48.25,17.7999992,0.0,0.0051,4.8505011,-0.2399968
615,Serratia marcescens,"",1,615,613,1903411,Bacteria,0,2.0,0.061,-0.3173774,100.0,150.0,90.5086365,0.0,-0.0117298126036725,0.00255,0.8359122,-0.1483943,4.0,0.123,-0.1483943,96.6,48.25,17.7999992,0.0,0.0051,2.9410176,-0.1483943
-100000613,Non-species-specific reads in genus Serratia,,1,-100000613,613,1903411,Bacteria,0,6.0,0.185,-0.1768779,100.0,150.0,90.5086365,0.0,-0.012421777535203052,0.00765,0.3084671,-0.1768779,0,0,-100,0.0,0.0,0.0,0.0,,,-0.1768779
55193,Malassezia,"",2,-100,55193,742845,Eukaryota,0,4.0,0.123,-0.2868601,99.65,150.0,89.8226547,0.0,-0.011919577771544461,0.0051,80.4310226,-0.2868601,0,0,-100,0.0,0.0,0.0,0.0,,,-0.2868601
-100055193,Non-species-specific reads in genus Malassezia,,1,-100055193,55193,742845,Eukaryota,0,4.0,0.123,-0.3378202,99.65,150.0,89.8226547,0.0,-0.011919577771544461,0.0051,2.5356998,-0.3378202,0,0,-100,0.0,0.0,0.0,0.0,,,-0.3378202
1912216,Cutibacterium,"",2,-100,1912216,31957,Bacteria,0,2.0,0.061,-0.2017986,100.0,101.5,57.4026031,0.0,-0.01838016105234474,0.00255,32.2503662,-0.2017986,14.0,0.431,-0.2041424,96.5286,47.0,17.4500008,0.0,0.01785,8.4330635,-0.2017986
1747,Cutibacterium acnes,"",1,1747,1912216,31957,Bacteria,0,2.0,0.061,-0.1883673,100.0,101.5,57.4026031,0.0,-0.01838016105234474,0.00255,29.2758579,-0.1825464,14.0,0.431,-0.1825464,96.5286,47.0,17.4500008,0.0,0.01785,5.6374669,-0.1825464
-200049546,Non-genus-specific reads in family Flavobacteriaceae,,2,-100,-200049546,49546,Bacteria,0,14.0,0.431,-0.2088682,99.25,145.643,86.0652847,0.0,-0.01919122549398348,0.01785,13.6383924,-0.2088682,2.0,0.061,-0.2158095,100.0,48.5,17.7000008,0.0,0.00255,30.8576374,-0.2088682
-100049546,Non-species-specific reads in family Flavobacteriaceae,,1,-100049546,-200049546,49546,Bacteria,0,14.0,0.431,-0.1803384,99.25,145.643,86.0652847,0.0,-0.01919122549398348,0.01785,9.1573658,-0.1803384,2.0,0.061,-0.2246036,100.0,48.5,17.7000008,0.0,0.00255,28.4654808,-0.1803384
3561,Spinacia,"",2,-100,3561,1804623,Eukaryota,0,0,0,-100,0.0,0.0,0.0,0.0,-0.019611971646425596,,,-0.153767,27.0,0.832,-0.153767,89.2556,46.1852,13.5518522,0.0,0.03442,1.6010864,-0.153767
3562,Spinacia oleracea,spinach,1,3562,3561,1804623,Eukaryota,0,0,0,-100,0.0,0.0,0.0,0.0,-0.019611971646425596,,,-0.1532974,27.0,0.832,-0.1532974,89.2556,46.1852,13.5518522,0.0,0.03442,1.598151,-0.1532974
308865,Elizabethkingia,"",2,-100,308865,49546,Bacteria,0,88.0,2.714,-0.1467492,99.6852,145.102,86.5413742,0.0,-0.021342603506920976,0.11218,93.169548,-0.1467492,6.0,0.185,-0.1611747,100.0,49.3333,18.8833332,0.0,0.00765,74.3113403,-0.1467492
-100308865,Non-species-specific reads in genus Elizabethkingia,,1,-100308865,308865,49546,Bacteria,0,41.0,1.264,-0.1114681,99.8756,141.195,84.2956085,0.0,-0.021342603506920976,0.05227,17.8994942,-0.1114681,1.0,0.03,-0.1377957,100.0,49.0,17.7999992,0.0,0.00127,27.9884357,-0.1114681
1117645,Elizabethkingia anophelis,"",1,1117645,308865,49546,Bacteria,0,47.0,1.449,-0.1529022,99.5191,148.511,88.5004501,0.0,-0.03583205044429626,0.05992,66.0787506,-0.1337175,5.0,0.154,-0.1337175,100.0,49.4,19.1000004,0.0,0.00637,30.1495762,-0.1337175
