tax_id,name,common_name,tax_level,species_taxid,genus_taxid,family_taxid,category_name,is_phage,NT_r,NT_rpm,NT_zscore,NT_percentidentity,NT_alignmentlength,NT_neglogevalue,NT_percentconcordant,aggregatescore,NT_maxzscore,NR_r,NR_rpm,NR_zscore,NR_percentidentity,NR_alignmentlength,NR_neglogevalue,NR_percentconcordant,NR_r_pct,NR_rpm_bg,NR_maxzscore
4107,Solanum,"",2,-100,4107,4070,Eukaryota,0,0,0,-100,0.0,0.0,0.0,0.0,52573798.926,99.0,203.0,5364.126,99.0,98.765,405.0,307.6526489,0.0,14.5,0.2863106,99.0
4081,Solanum lycopersicum,tomato,1,4081,4107,4070,Eukaryota,0,0,0,-100,0.0,0.0,0.0,0.0,52573798.926,99.0,203.0,5364.126,99.0,98.765,405.0,307.6526489,0.0,14.5,0.0640412,99.0
10088,Mus,"",2,-100,10088,10066,Eukaryota,0,98.0,2589.578,100.0,99.872,970.449,257.3892517,0.0,25895780.0,100.0,0,0,-100,0.0,0.0,0.0,0.0,,,100.0
10090,Mus musculus,house mouse,1,10090,10088,10066,Eukaryota,0,98.0,2589.578,100.0,99.872,970.449,257.3892517,0.0,25895780.0,100.0,0,0,-100,0.0,0.0,0.0,0.0,,,100.0
9605,Homo,"",2,-100,9605,9604,Eukaryota,0,66.0,1744.001,100.0,99.1,156.333,90.4721375,0.0,18232730.0,100.0,3.0,79.272,100.0,75.8667,48.3333,307.6526489,0.0,0.21429,0.0,100.0
9606,Homo sapiens,human,1,9606,9605,9604,Eukaryota,0,66.0,1744.001,100.0,99.1,156.333,90.4721375,0.0,18232730.0,100.0,3.0,79.272,100.0,75.8667,48.3333,307.6526489,0.0,0.21429,0.0,100.0
561,Escherichia,"",2,-100,561,543,Bacteria,0,240.0,6341.824,48.2749337,99.9103,1075.26,275.3364868,0.0,14874205.08425392,48.2749337,53.0,1400.486,7.8086203,88.5759,48.3962,220.9271698,0.0,3.78571,103.1845856,48.2749337
562,Escherichia coli,"",1,562,561,543,Bacteria,0,240.0,6341.824,48.3267537,99.9103,1075.26,275.3364868,0.0,14874205.08425392,48.3267537,51.0,1347.637,7.4991244,89.2138,47.7451,228.5406799,0.0,3.64286,103.0123444,48.3267537
564,Escherichia fergusonii,"",1,564,561,543,Bacteria,0,0,0,-100,0.0,0.0,0.0,0.0,40854.326595825594,99.0,2.0,52.848,99.0,72.308,65.0,26.7825165,0.0,0.14286,0.04336,99.0
1329200,Fictibacillus,"",2,-100,1329200,186817,Bacteria,0,0,0,-100,0.0,0.0,0.0,0.0,6215617.782000001,99.0,24.0,634.182,99.0,77.0922,62.4583,155.1671448,0.0,1.71429,0.2742664,99.0
255247,Fictibacillus arsenicus,"",1,255247,1329200,186817,Bacteria,0,0,0,-100,0.0,0.0,0.0,0.0,6215617.782000001,99.0,24.0,634.182,99.0,77.0922,62.4583,155.1671448,0.0,1.71429,0.2186589,99.0
1269,Micrococcus,"",2,-100,1269,1268,Bacteria,0,92.0,2431.032,25.9074461,97.784,323.413,166.9567871,0.0,4452987.41480631,33.1812333,45.0,1189.092,33.1812333,96.749,63.8889,203.3859406,0.0,3.21429,12.9510469,33.1812333
1270,Micrococcus luteus,"",1,1270,1269,1268,Bacteria,0,89.0,2351.759,37.9398792,97.7239,329.258,169.5653534,0.0,4452987.41480631,55.5068582,44.0,1162.667,55.5068582,96.6751,64.2273,201.0162354,0.0,3.14286,8.0522928,55.5068582
404583,Micrococcus sp. A1,"",1,404583,1269,1268,Bacteria,0,3.0,79.272,99.0,99.5667,150.0,89.5692368,0.0,203319.77165668082,99.0,0,0,-100,0.0,0.0,0.0,0.0,,,99.0
1770210,Micrococcus sp. CH7,"",1,1770210,1269,1268,Bacteria,0,0,0,-100,0.0,0.0,0.0,0.0,86801.3099632008,99.0,1.0,26.424,99.0,100.0,49.0,307.6526489,0.0,0.07143,0.0167257,99.0
150247,Anoxybacillus,"",2,-100,150247,186817,Bacteria,0,0,0,-100,0.0,0.0,0.0,0.0,3107808.8910000003,99.0,12.0,317.091,99.0,64.516,62.0,17.1524277,0.0,0.85714,0.868188,99.0
1548750,Anoxybacillus sp. BCO1,"",1,1548750,150247,186817,Bacteria,0,0,0,-100,0.0,0.0,0.0,0.0,3107808.8910000003,99.0,12.0,317.091,99.0,64.516,62.0,17.1524277,0.0,0.85714,0.3223725,99.0
206664,Desulfonauticus,"",2,-100,206664,213117,Bacteria,0,0,0,-100,0.0,0.0,0.0,0.0,1553899.545,99.0,6.0,158.545,99.0,63.4977,42.1667,58.0382919,0.0,0.42857,0.2803585,99.0
1635258,Desulfonauticus sp. 38_4375,"",1,1635258,206664,213117,Bacteria,0,0,0,-100,0.0,0.0,0.0,0.0,1553899.545,99.0,6.0,158.545,99.0,63.4977,42.1667,58.0382919,0.0,0.42857,0.2733674,99.0
4783,Phytophthora,"",2,-100,4783,4777,Eukaryota,0,0,0,-100,0.0,0.0,0.0,0.0,1553899.545,99.0,6.0,158.545,99.0,72.2753,50.6667,19.9920311,0.0,0.42857,0.2999485,99.0
67593,Phytophthora sojae,"",1,67593,4783,4777,Eukaryota,0,0,0,-100,0.0,0.0,0.0,0.0,1553899.545,99.0,6.0,158.545,99.0,72.2753,50.6667,19.9920311,0.0,0.42857,0.0791225,99.0
3725,Raphanus,"",2,-100,3725,3700,Eukaryota,0,2.0,52.848,38.8417678,99.635,274.0,139.7544861,0.0,1115667.1722642172,99.0,4.0,105.697,99.0,78.5715,52.5,30.40205,0.0,0.28571,0.0526702,99.0
3726,Raphanus sativus,radish,1,3726,3725,3700,Eukaryota,0,2.0,52.848,38.8417678,99.635,274.0,139.7544861,0.0,1115667.1722642172,99.0,4.0,105.697,99.0,78.5715,52.5,30.40205,0.0,0.28571,0.0526702,99.0
37914,Dietzia,"",2,-100,37914,85029,Bacteria,0,6.0,158.545,64.4992403,96.3277,182.333,88.2225037,0.0,1067830.16569115,64.4992403,6.0,158.545,17.1158645,98.374,60.3333,221.9762421,0.0,0.42857,3.4166446,64.4992403
712270,Dietzia sp. oral taxon 368,"",1,712270,37914,85029,Bacteria,0,6.0,158.545,100.0,96.3277,182.333,88.2225037,0.0,1067830.16569115,100.0,1.0,26.424,100.0,100.0,50.0,307.6526489,0.0,0.07143,0.0,100.0
321318,Dietzia cinnamea,"",1,321318,37914,85029,Bacteria,0,0,0,-100,0.0,0.0,0.0,0.0,63392.03023137237,46.721417,3.0,79.272,46.721417,96.748,71.0,136.2998352,0.0,0.21429,0.6335241,46.721417
282305,Dietzia papillomatosis,"",1,282305,37914,85029,Bacteria,0,0,0,-100,0.0,0.0,0.0,0.0,44774.690751252,99.0,1.0,26.424,99.0,100.0,50.0,307.6526489,0.0,0.07143,0.02919,99.0
546160,Dietzia lutea,"",1,546160,37914,85029,Bacteria,0,0,0,-100,0.0,0.0,0.0,0.0,44774.690751252,99.0,1.0,26.424,99.0,100.0,49.0,307.6526489,0.0,0.07143,0.0011674,99.0
65551,Meiothermus,"",2,-100,65551,188786,Bacteria,0,4.0,105.697,99.0,90.575,132.75,62.2439308,0.0,1035936.297,99.0,1.0,26.424,25.9285792,85.7,49.0,307.6526489,0.0,0.07143,0.3590398,99.0
52022,Meiothermus silvanus,"",1,52022,65551,188786,Bacteria,0,4.0,105.697,99.0,90.575,132.75,62.2439308,0.0,1035936.297,99.0,0,0,-100,0.0,0.0,0.0,0.0,,,99.0
277,Meiothermus ruber,"",1,277,65551,188786,Bacteria,0,0,0,-100,0.0,0.0,0.0,0.0,67068.12033629423,97.8901186,1.0,26.424,97.8901186,85.7,49.0,307.6526489,0.0,0.07143,0.0841311,97.8901186
877559,Thecamonas,"",2,-100,877559,172820,Eukaryota,0,2.0,52.848,99.0,85.149,202.0,50.2732735,0.0,1035926.4959999999,99.0,2.0,52.848,99.0,62.366,93.0,29.4775562,0.0,0.14286,0.0101848,99.0
529818,Thecamonas trahens,"",1,529818,877559,172820,Eukaryota,0,2.0,52.848,99.0,85.149,202.0,50.2732735,0.0,1035926.4959999999,99.0,2.0,52.848,99.0,62.366,93.0,29.4775562,0.0,0.14286,0.0101848,99.0
36739,Dermabacter,"",2,-100,36739,85020,Bacteria,0,2.0,52.848,34.0833204,92.4,146.0,72.6585693,0.0,838579.8046800789,99.0,3.0,79.272,99.0,60.7367,29.0,103.1647644,0.0,0.21429,0.2020271,99.0
1630135,Dermabacter vaginalis,"",1,1630135,36739,85020,Bacteria,0,2.0,52.848,34.2181458,92.4,146.0,72.6585693,0.0,838579.8046800789,99.0,3.0,79.272,99.0,60.7367,29.0,103.1647644,0.0,0.21429,0.0631082,99.0
133894,Penaeus,"",2,-100,133894,6685,Eukaryota,0,0,0,-100,0.0,0.0,0.0,0.0,784792.8,99.0,3.0,79.272,99.0,57.1573,23.3333,102.8632355,0.0,0.21429,0.0065865,99.0
6689,Penaeus vannamei,Pacific white shrimp,1,6689,133894,6685,Eukaryota,0,0,0,-100,0.0,0.0,0.0,0.0,784792.8,100.0,3.0,79.272,100.0,57.1573,23.3333,102.8632355,0.0,0.21429,0.0,100.0
12176,Potexvirus,"",2,-100,12176,675064,Viruses,0,2.0,52.848,99.0,98.0,150.0,86.3665314,0.0,697207.3739897903,99.0,2.0,52.848,34.2595127,100.0,49.0,307.6526489,0.0,0.14286,0.2258372,99.0
112229,Pepino mosaic virus,"",1,112229,12176,675064,Viruses,0,2.0,52.848,99.0,98.0,150.0,86.3665314,0.0,697207.3739897903,99.0,2.0,52.848,99.0,100.0,49.0,307.6526489,0.0,0.14286,0.0204493,99.0
1763521,Paludisphaera,"",2,-100,1763521,1763524,Bacteria,0,9.0,237.818,53.9203132,87.9757,175.333,69.1819077,0.0,691432.0949575339,53.9203132,0,0,-100,0.0,0.0,0.0,0.0,,,53.9203132
1387353,Paludisphaera borealis,"",1,1387353,1763521,1763524,Bacteria,0,9.0,237.818,53.9203132,87.9757,175.333,69.1819077,0.0,691432.0949575339,53.9203132,0,0,-100,0.0,0.0,0.0,0.0,,,53.9203132
392815,Chlorocebus,"",2,-100,392815,9527,Eukaryota,0,0,0,-100,0.0,0.0,0.0,0.0,528480.0,100.0,2.0,52.848,100.0,100.0,49.5,307.6526489,0.0,0.14286,0.0,100.0
60711,Chlorocebus sabaeus,green monkey,1,60711,392815,9527,Eukaryota,0,0,0,-100,0.0,0.0,0.0,0.0,528480.0,100.0,2.0,52.848,100.0,100.0,49.5,307.6526489,0.0,0.14286,0.0,100.0
9836,Camelus,"",2,-100,9836,9835,Eukaryota,0,0,0,-100,0.0,0.0,0.0,0.0,528480.0,100.0,2.0,52.848,100.0,100.0,49.5,307.6526489,0.0,0.14286,0.0,100.0
9837,Camelus bactrianus,Bactrian camel,1,9837,9836,9835,Eukaryota,0,0,0,-100,0.0,0.0,0.0,0.0,528480.0,100.0,2.0,52.848,100.0,100.0,49.5,307.6526489,0.0,0.14286,0.0,100.0
9766,Balaenoptera,"",2,-100,9766,9765,Eukaryota,0,0,0,-100,0.0,0.0,0.0,0.0,528480.0,100.0,2.0,52.848,100.0,100.0,49.0,307.6526489,0.0,0.14286,0.0,100.0
9767,Balaenoptera acutorostrata,minke whale,1,9767,9766,9765,Eukaryota,0,0,0,-100,0.0,0.0,0.0,0.0,528480.0,100.0,2.0,52.848,100.0,100.0,49.0,307.6526489,0.0,0.14286,0.0,100.0
9596,Pan,chimpanzees,2,-100,9596,9604,Eukaryota,0,0,0,-100,0.0,0.0,0.0,0.0,528480.0,100.0,2.0,52.848,100.0,80.6,49.0,307.6526489,0.0,0.14286,0.0,100.0
9598,Pan troglodytes,chimpanzee,1,9598,9596,9604,Eukaryota,0,0,0,-100,0.0,0.0,0.0,0.0,528480.0,100.0,2.0,52.848,100.0,80.6,49.0,307.6526489,0.0,0.14286,0.0,100.0
9539,Macaca,macaques,2,-100,9539,9527,Eukaryota,0,0,0,-100,0.0,0.0,0.0,0.0,528480.0,100.0,2.0,52.848,100.0,78.15,24.0,307.6526489,0.0,0.14286,0.0,100.0
9541,Macaca fascicularis,crab-eating macaque,1,9541,9539,9527,Eukaryota,0,0,0,-100,0.0,0.0,0.0,0.0,528480.0,100.0,2.0,52.848,100.0,78.15,24.0,307.6526489,0.0,0.14286,0.0,100.0
1623281,Che8virus,"",2,-100,1623281,10699,Viruses,1,0,0,-100,0.0,0.0,0.0,0.0,523195.2,99.0,3.0,79.272,99.0,74.5,59.0,121.4500351,0.0,0.21429,0.0104682,99.0
1675555,Mycobacterium phage Quico,"",1,1675555,1623281,10699,Viruses,1,0,0,-100,0.0,0.0,0.0,0.0,523195.2,100.0,2.0,52.848,100.0,75.0,64.0,28.3487225,0.0,0.14286,0.0,100.0
2282909,Mycobacterium phage Harley,"",1,2282909,1623281,10699,Viruses,1,0,0,-100,0.0,0.0,0.0,0.0,261597.6,100.0,1.0,26.424,100.0,73.5,49.0,307.6526489,0.0,0.07143,0.0,100.0
704064,Eviphis,"",2,-100,704064,704094,Eukaryota,0,2.0,52.848,99.0,96.35,150.0,82.9407043,0.0,523195.2,99.0,0,0,-100,0.0,0.0,0.0,0.0,,,99.0
704066,Eviphis sp. 2 APGD-2010,"",1,704066,704064,704094,Eukaryota,0,2.0,52.848,100.0,96.35,150.0,82.9407043,0.0,523195.2,100.0,0,0,-100,0.0,0.0,0.0,0.0,,,100.0
160150,Liposcelis,"",2,-100,160150,160149,Eukaryota,0,2.0,52.848,99.0,88.208,212.0,62.5734901,0.0,517963.24799999996,99.0,0,0,-100,0.0,0.0,0.0,0.0,,,99.0
209926,Liposcelis decolor,"",1,209926,160150,160149,Eukaryota,0,2.0,52.848,99.0,88.208,212.0,62.5734901,0.0,517963.24799999996,99.0,0,0,-100,0.0,0.0,0.0,0.0,,,99.0
119948,Myrtus,"",2,-100,119948,3931,Eukaryota,0,2.0,52.848,99.0,100.0,149.0,89.7958832,0.0,517963.24799999996,99.0,0,0,-100,0.0,0.0,0.0,0.0,,,99.0
119949,Myrtus communis,"",1,119949,119948,3931,Eukaryota,0,2.0,52.848,99.0,100.0,149.0,89.7958832,0.0,517963.24799999996,99.0,0,0,-100,0.0,0.0,0.0,0.0,,,99.0
57479,Microvirgula,"",2,-100,57479,1499392,Bacteria,0,2.0,52.848,99.0,85.8,127.0,50.0757217,0.0,517963.24799999996,99.0,0,0,-100,0.0,0.0,0.0,0.0,,,99.0
57480,Microvirgula aerodenitrificans,"",1,57480,57479,1499392,Bacteria,0,2.0,52.848,99.0,85.8,127.0,50.0757217,0.0,517963.24799999996,99.0,0,0,-100,0.0,0.0,0.0,0.0,,,99.0
37387,Leptosira,"",2,-100,37387,-300,Eukaryota,0,2.0,52.848,99.0,100.0,150.0,90.4814835,0.0,517963.24799999996,99.0,0,0,-100,0.0,0.0,0.0,0.0,,,99.0
53270,Leptosira obovata,"",1,53270,37387,-300,Eukaryota,0,2.0,52.848,99.0,100.0,150.0,90.4814835,0.0,517963.24799999996,99.0,0,0,-100,0.0,0.0,0.0,0.0,,,99.0
-200001268,Non-genus-specific reads in family Micrococcaceae,,2,-100,-200001268,1268,Bacteria,0,0,0,-100,0.0,0.0,0.0,0.0,517963.24799999996,99.0,2.0,52.848,99.0,63.25,49.0,307.6526489,0.0,0.14286,0.0666125,99.0
1938872,Micrococcaceae bacterium JKS001869,"",1,1938872,-200001268,1268,Bacteria,0,0,0,-100,0.0,0.0,0.0,0.0,517963.24799999996,99.0,2.0,52.848,99.0,63.25,49.0,307.6526489,0.0,0.14286,0.0666125,99.0
226,Alteromonas,"",2,-100,226,72275,Bacteria,0,0,0,-100,0.0,0.0,0.0,0.0,485215.1738950032,92.7407541,2.0,52.848,92.7407541,71.91,89.0,39.7258415,0.0,0.14286,0.2330395,92.7407541
28108,Alteromonas macleodii,"",1,28108,226,72275,Bacteria,0,0,0,-100,0.0,0.0,0.0,0.0,485215.1738950032,99.0,2.0,52.848,99.0,71.91,89.0,39.7258415,0.0,0.14286,0.0429671,99.0
5455,Colletotrichum,"",2,-100,5455,681950,Eukaryota,0,0,0,-100,0.0,0.0,0.0,0.0,450635.5639564416,86.1314408,4.0,105.697,86.1314408,75.8985,38.0,13.7789984,0.0,0.28571,0.4571213,86.1314408
1209926,Colletotrichum orchidophilum,"",1,1209926,5455,681950,Eukaryota,0,0,0,-100,0.0,0.0,0.0,0.0,450635.5639564416,99.0,2.0,52.848,99.0,72.727,33.0,16.4365196,0.0,0.14286,0.0286334,99.0
1573173,Colletotrichum incanum,"",1,1573173,5455,681950,Eukaryota,0,0,0,-100,0.0,0.0,0.0,0.0,450635.5639564416,99.0,2.0,52.848,99.0,79.07,43.0,11.1214781,0.0,0.14286,0.0710624,99.0
3766,Pyrus,pears,2,-100,3766,3745,Eukaryota,0,2.0,52.848,82.3609067,100.0,150.0,90.4814835,0.0,430908.31053087837,82.3609067,0,0,-100,0.0,0.0,0.0,0.0,,,82.3609067
225117,Pyrus x bretschneideri,Chinese white pear,1,225117,3766,3745,Eukaryota,0,2.0,52.848,99.0,100.0,150.0,90.4814835,0.0,430908.31053087837,99.0,0,0,-100,0.0,0.0,0.0,0.0,,,99.0
123,Pirellula,"",2,-100,123,126,Bacteria,0,2.0,52.848,76.6524465,96.2,146.0,80.2101059,0.0,369495.11947435007,76.6524465,0,0,-100,0.0,0.0,0.0,0.0,,,76.6524465
125,Pirellula staleyi,"",1,125,123,126,Bacteria,0,2.0,52.848,91.2124517,96.2,146.0,80.2101059,0.0,369495.11947435007,91.2124517,0,0,-100,0.0,0.0,0.0,0.0,,,91.2124517
50451,Arabis,rockcress,2,-100,50451,3700,Eukaryota,0,2.0,52.848,76.93091,97.7,86.5,44.4076538,0.0,312773.7489448482,76.93091,0,0,-100,0.0,0.0,0.0,0.0,,,76.93091
50452,Arabis alpina,gray rockcress,1,50452,50451,3700,Eukaryota,0,2.0,52.848,76.93091,97.7,86.5,44.4076538,0.0,312773.7489448482,76.93091,0,0,-100,0.0,0.0,0.0,0.0,,,76.93091
1350,Enterococcus,"",2,-100,1350,81852,Bacteria,0,6.0,158.545,17.3667673,89.5458,284.0,97.9192581,0.0,272587.9980362715,17.3667673,2.0,52.848,0.1897768,100.0,49.0,307.6526489,0.0,0.14286,32.1490822,17.3667673
417368,Enterococcus thailandicus,"",1,417368,1350,81852,Bacteria,0,6.0,158.545,99.0,89.5458,284.0,97.9192581,0.0,272587.9980362715,99.0,0,0,-100,0.0,0.0,0.0,0.0,,,99.0
1355,Enterococcus columbae,"",1,1355,1350,81852,Bacteria,0,0,0,-100,0.0,0.0,0.0,0.0,992.9031083135999,99.0,2.0,52.848,99.0,100.0,49.0,307.6526489,0.0,0.14286,0.0081413,99.0
453209,Coleophoma,"",2,-100,453209,-300,Eukaryota,0,0,0,-100,0.0,0.0,0.0,0.0,264240.0,100.0,1.0,26.424,100.0,67.4,46.0,307.6526489,0.0,0.07143,0.0,100.0
1849047,Coleophoma cylindrospora,"",1,1849047,453209,-300,Eukaryota,0,0,0,-100,0.0,0.0,0.0,0.0,264240.0,100.0,1.0,26.424,100.0,67.4,46.0,307.6526489,0.0,0.07143,0.0,100.0
9789,Equus,"",2,-100,9789,9788,Eukaryota,0,0,0,-100,0.0,0.0,0.0,0.0,264240.0,100.0,1.0,26.424,100.0,77.8,45.0,307.6526489,0.0,0.07143,0.0,100.0
9796,Equus caballus,horse,1,9796,9789,9788,Eukaryota,0,0,0,-100,0.0,0.0,0.0,0.0,264240.0,100.0,1.0,26.424,100.0,77.8,45.0,307.6526489,0.0,0.07143,0.0,100.0
9554,Papio,baboons,2,-100,9554,9527,Eukaryota,0,0,0,-100,0.0,0.0,0.0,0.0,264240.0,100.0,1.0,26.424,100.0,75.0,48.0,307.6526489,0.0,0.07143,0.0,100.0
9555,Papio anubis,olive baboon,1,9555,9554,9527,Eukaryota,0,0,0,-100,0.0,0.0,0.0,0.0,264240.0,100.0,1.0,26.424,100.0,75.0,48.0,307.6526489,0.0,0.07143,0.0,100.0
-200186827,Non-genus-specific reads in family Aerococcaceae,,2,-100,-200186827,186827,Bacteria,0,1.0,26.424,99.0,94.4,144.0,75.4089355,0.0,261597.6,99.0,0,0,-100,0.0,0.0,0.0,0.0,,,99.0
2036206,Aerococcaceae bacterium ZY16052,"",1,2036206,-200186827,186827,Bacteria,0,1.0,26.424,100.0,94.4,144.0,75.4089355,0.0,261597.6,100.0,0,0,-100,0.0,0.0,0.0,0.0,,,100.0
4842,Rhizopus,"",2,-100,4842,1344955,Eukaryota,0,0,0,-100,0.0,0.0,0.0,0.0,258981.62399999998,99.0,1.0,26.424,99.0,60.9,46.0,307.6526489,0.0,0.07143,0.063889,99.0
936053,Rhizopus delemar,"",1,936053,4842,1344955,Eukaryota,0,0,0,-100,0.0,0.0,0.0,0.0,258981.62399999998,99.0,1.0,26.424,99.0,60.9,46.0,307.6526489,0.0,0.07143,0.0220404,99.0
3624,Actinidia,"",2,-100,3624,3623,Eukaryota,0,0,0,-100,0.0,0.0,0.0,0.0,258981.62399999998,99.0,1.0,26.424,99.0,72.0,50.0,307.6526489,0.0,0.07143,0.0050811,99.0
3625,Actinidia chinensis,"",1,3625,3624,3623,Eukaryota,0,0,0,-100,0.0,0.0,0.0,0.0,258981.62399999998,99.0,1.0,26.424,99.0,72.0,50.0,307.6526489,0.0,0.07143,0.0017093,99.0
3196,Marchantia,"",2,-100,3196,29585,Eukaryota,0,0,0,-100,0.0,0.0,0.0,0.0,258981.62399999998,99.0,1.0,26.424,99.0,86.4,44.0,307.6526489,0.0,0.07143,0.069955,99.0
3197,Marchantia polymorpha,liverwort,1,3197,3196,29585,Eukaryota,0,0,0,-100,0.0,0.0,0.0,0.0,258981.62399999998,99.0,1.0,26.424,99.0,86.4,44.0,307.6526489,0.0,0.07143,0.069955,99.0
2147,Acholeplasma,"",2,-100,2147,2146,Bacteria,0,2.0,52.848,99.0,88.1,146.5,64.0800705,0.0,258981.62399999998,99.0,0,0,-100,0.0,0.0,0.0,0.0,,,99.0
29552,Acholeplasma axanthum,"",1,29552,2147,2146,Bacteria,0,1.0,26.424,99.0,86.7,150.0,63.0409584,0.0,258981.62399999998,99.0,0,0,-100,0.0,0.0,0.0,0.0,,,99.0
38986,Acholeplasma palmae,"",1,38986,2147,2146,Bacteria,0,1.0,26.424,99.0,89.5,143.0,65.1191864,0.0,258981.62399999998,99.0,0,0,-100,0.0,0.0,0.0,0.0,,,99.0
3511,Quercus,"",2,-100,3511,3503,Eukaryota,0,10.0,264.242,26.3640685,98.1382,216.9,110.6230469,0.0,245642.63394455778,26.3640685,10.0,264.242,13.5327955,58.4078,46.3,70.2475891,0.0,0.71429,7.8759956,26.3640685
58331,Quercus suber,"",1,58331,3511,3503,Eukaryota,0,10.0,264.242,28.2825649,98.1382,216.9,110.6230469,0.0,245642.63394455778,28.2825649,10.0,264.242,13.5943013,58.4078,46.3,70.2475891,0.0,0.71429,7.7869096,28.2825649
13289,Tilletia,"",2,-100,13289,5279,Eukaryota,0,0,0,-100,0.0,0.0,0.0,0.0,224810.2554280704,85.9374304,1.0,26.424,85.9374304,53.1,49.0,307.6526489,0.0,0.07143,0.1239556,85.9374304
13291,Tilletia controversa,dwarf bunt fungus,1,13291,13289,5279,Eukaryota,0,0,0,-100,0.0,0.0,0.0,0.0,224810.2554280704,99.0,1.0,26.424,99.0,53.1,49.0,307.6526489,0.0,0.07143,0.0100699,99.0
3515,Alnus,"",2,-100,3515,3514,Eukaryota,0,2.0,52.848,57.0333848,99.3,150.0,89.1135101,0.0,217110.92704831663,57.0333848,0,0,-100,0.0,0.0,0.0,0.0,,,57.0333848
3517,Alnus glutinosa,"",1,3517,3515,3514,Eukaryota,0,2.0,52.848,72.0317521,99.3,150.0,89.1135101,0.0,217110.92704831663,72.0317521,0,0,-100,0.0,0.0,0.0,0.0,,,72.0317521
45168,Altingia,"",2,-100,45168,91829,Eukaryota,0,1.0,26.424,79.0785379,100.0,150.0,90.4814835,0.0,165240.2420927595,79.0785379,0,0,-100,0.0,0.0,0.0,0.0,,,79.0785379
64109,Altingia excelsa,"",1,64109,45168,91829,Eukaryota,0,1.0,26.424,79.0785379,100.0,150.0,90.4814835,0.0,165240.2420927595,79.0785379,0,0,-100,0.0,0.0,0.0,0.0,,,79.0785379
2040,Aeromicrobium,"",2,-100,2040,85015,Bacteria,0,0,0,-100,0.0,0.0,0.0,0.0,162859.0408858512,31.1277781,2.0,52.848,31.1277781,78.3,46.0,307.6526489,0.0,0.14286,0.587447,31.1277781
1736324,Aeromicrobium sp. Leaf289,"",1,1736324,2040,85015,Bacteria,0,0,0,-100,0.0,0.0,0.0,0.0,162859.0408858512,99.0,2.0,52.848,99.0,78.3,46.0,307.6526489,0.0,0.14286,0.0066358,99.0
572511,Blautia,"",2,-100,572511,186803,Bacteria,0,2.0,52.848,32.9420441,86.1,118.0,46.0,0.0,155490.2736721563,32.9420441,6.0,158.545,11.1898055,87.7775,69.1667,89.1362534,0.0,0.42857,8.5217886,32.9420441
1322,Blautia hansenii,"",1,1322,572511,186803,Bacteria,0,2.0,52.848,89.3149434,86.1,118.0,46.0,0.0,155490.2736721563,89.3149434,0,0,-100,0.0,0.0,0.0,0.0,,,89.3149434
33039,[Ruminococcus] torques,"",1,33039,572511,186803,Bacteria,0,0,0,-100,0.0,0.0,0.0,0.0,25551.119401977074,17.2828572,5.0,132.121,17.2828572,89.333,75.0,45.432972,0.0,0.35714,3.9023151,17.2828572
40520,Blautia obeum,"",1,40520,572511,186803,Bacteria,0,0,0,-100,0.0,0.0,0.0,0.0,2091.9881976255692,7.0751904,1.0,26.424,7.0751904,80.0,40.0,307.6526489,0.0,0.07143,1.7145481,7.0751904
154116,Georgenia,"",2,-100,154116,145358,Bacteria,0,0,0,-100,0.0,0.0,0.0,0.0,153124.13081736,57.9488839,1.0,26.424,57.9488839,72.9,48.0,307.6526489,0.0,0.07143,0.1641366,57.9488839
154117,Georgenia muralis,"",1,154117,154116,145358,Bacteria,0,0,0,-100,0.0,0.0,0.0,0.0,153124.13081736,100.0,1.0,26.424,100.0,72.9,48.0,307.6526489,0.0,0.07143,0.0,100.0
85043,Williamsia,"",2,-100,85043,182102,Bacteria,0,0,0,-100,0.0,0.0,0.0,0.0,145733.28670777884,12.9542741,11.0,290.666,12.9542741,79.452,73.0,34.3001633,0.0,0.78571,8.278079,12.9542741
322609,Williamsia marianensis,"",1,322609,85043,182102,Bacteria,0,0,0,-100,0.0,0.0,0.0,0.0,145733.28670777884,38.7036072,11.0,290.666,38.7036072,79.452,73.0,34.3001633,0.0,0.78571,3.1432917,38.7036072
186650,Microvirga,"",2,-100,186650,119045,Bacteria,0,2.0,52.848,7.6342092,91.4,146.0,70.5990906,0.0,133598.28462361923,25.5350746,6.0,158.545,25.5350746,82.9503,50.0,114.887146,0.0,0.42857,2.3484318,25.5350746
1882682,Microvirga ossetica,"",1,1882682,186650,119045,Bacteria,0,0,0,-100,0.0,0.0,0.0,0.0,133598.28462361923,99.0,2.0,52.848,99.0,50.0,14.0,-0.447158,0.0,0.14286,0.0337092,99.0
864069,Microvirga lotononidis,"",1,864069,186650,119045,Bacteria,0,0,0,-100,0.0,0.0,0.0,0.0,51340.18683335159,38.0444892,2.0,52.848,38.0444892,98.851,87.0,37.4559326,0.0,0.14286,0.4753429,38.0444892
2082949,Microvirga sp. 17 mud 1-3,"",1,2082949,186650,119045,Bacteria,0,2.0,52.848,100.0,91.4,146.0,70.5990906,0.0,40345.268780160004,100.0,0,0,-100,0.0,0.0,0.0,0.0,,,100.0
549386,Microvirga guangxiensis,"",1,549386,186650,119045,Bacteria,0,0,0,-100,0.0,0.0,0.0,0.0,34537.49312823497,51.1864629,1.0,26.424,51.1864629,100.0,49.0,307.6526489,0.0,0.07143,0.2068521,51.1864629
1225564,Microvirga vignae,"",1,1225564,186650,119045,Bacteria,0,0,0,-100,0.0,0.0,0.0,0.0,17014.673833433382,25.2166817,1.0,26.424,25.2166817,100.0,49.0,307.6526489,0.0,0.07143,0.3443708,25.2166817
1060,Rhodobacter,"",2,-100,1060,31989,Bacteria,0,2.0,52.848,2.7769946,90.6,148.5,70.2487869,0.0,128848.60550024244,24.4157877,3.0,79.272,24.4157877,83.9,45.3333,307.6526489,0.0,0.21429,1.1702696,24.4157877
1063,Rhodobacter sphaeroides,"",1,1063,1060,31989,Bacteria,0,2.0,52.848,7.5387482,90.6,148.5,70.2487869,0.0,128848.60550024244,99.0,2.0,52.848,99.0,87.8,45.0,307.6526489,0.0,0.14286,0.1650448,99.0
1061,Rhodobacter capsulatus,"",1,1061,1060,31989,Bacteria,0,0,0,-100,0.0,0.0,0.0,0.0,48731.44014590987,75.5335585,1.0,26.424,75.5335585,76.1,46.0,307.6526489,0.0,0.07143,0.1387974,75.5335585
23199,Photinia,chokeberry,2,-100,23199,3745,Eukaryota,0,10.0,264.242,21.8831579,98.28,465.0,307.6526489,0.0,126538.25348367344,21.8831579,0,0,-100,0.0,0.0,0.0,0.0,,,21.8831579
23200,Photinia x fraseri,"",1,23200,23199,3745,Eukaryota,0,10.0,264.242,21.8831579,98.28,465.0,307.6526489,0.0,126538.25348367344,21.8831579,0,0,-100,0.0,0.0,0.0,0.0,,,21.8831579
169133,Citricoccus,"",2,-100,169133,1268,Bacteria,0,0,0,-100,0.0,0.0,0.0,0.0,108255.83583383998,40.9687541,1.0,26.424,40.9687541,91.8,49.0,307.6526489,0.0,0.07143,0.2156484,40.9687541
169134,Citricoccus muralis,"",1,169134,169133,1268,Bacteria,0,0,0,-100,0.0,0.0,0.0,0.0,108255.83583383998,100.0,1.0,26.424,100.0,91.8,49.0,307.6526489,0.0,0.07143,0.0,100.0
121222,Pediculus,"",2,-100,121222,121221,Eukaryota,0,0,0,-100,0.0,0.0,0.0,0.0,106384.51983184989,63.4512144,1.0,26.424,63.4512144,75.5,49.0,307.6526489,0.0,0.07143,0.0783961,63.4512144
121225,Pediculus humanus,human louse,1,121225,121222,121221,Eukaryota,0,0,0,-100,0.0,0.0,0.0,0.0,106384.51983184989,63.4512144,1.0,26.424,63.4512144,75.5,49.0,307.6526489,0.0,0.07143,0.0783961,63.4512144
-200543314,Non-genus-specific reads in family Clostridiales Family XIII. Incertae Sedis,,2,-100,-200543314,543314,Bacteria,0,1.0,26.424,58.0746747,87.6,105.0,41.9208183,0.0,99728.3322423024,58.0746747,0,0,-100,0.0,0.0,0.0,0.0,,,58.0746747
143393,[Eubacterium] sulci,"",1,143393,-200543314,543314,Bacteria,0,1.0,26.424,64.9880057,87.6,105.0,41.9208183,0.0,99728.3322423024,64.9880057,0,0,-100,0.0,0.0,0.0,0.0,,,64.9880057
16968,Lambertia,"",2,-100,16968,4328,Eukaryota,0,1.0,26.424,59.5947767,100.0,150.0,90.4814835,0.0,93845.82451980171,59.5947767,0,0,-100,0.0,0.0,0.0,0.0,,,59.5947767
16969,Lambertia inermis,"",1,16969,16968,4328,Eukaryota,0,1.0,26.424,59.5947767,100.0,150.0,90.4814835,0.0,93845.82451980171,59.5947767,0,0,-100,0.0,0.0,0.0,0.0,,,59.5947767
6333,Trichinella,"",2,-100,6333,6332,Eukaryota,0,0,0,-100,0.0,0.0,0.0,0.0,91200.2470464096,11.6209332,4.0,105.697,11.6209332,98.925,47.25,307.6526489,0.0,0.28571,2.7718313,11.6209332
45882,Trichinella britovi,"",1,45882,6333,6332,Eukaryota,0,0,0,-100,0.0,0.0,0.0,0.0,91200.2470464096,99.0,3.0,79.272,99.0,100.0,47.3333,307.6526489,0.0,0.21429,0.0171821,99.0
990121,Trichinella patagoniensis,"",1,990121,6333,6332,Eukaryota,0,0,0,-100,0.0,0.0,0.0,0.0,829.5435060862766,2.7014666,1.0,26.424,2.7014666,95.7,47.0,307.6526489,0.0,0.07143,2.583164,2.7014666
46255,Weissella,"",2,-100,46255,81850,Bacteria,0,2.0,52.848,15.7256631,95.8,142.0,76.7902679,0.0,82275.9145073712,15.7256631,0,0,-100,0.0,0.0,0.0,0.0,,,15.7256631
759620,Weissella ceti,"",1,759620,46255,81850,Bacteria,0,2.0,52.848,99.0,95.8,142.0,76.7902679,0.0,82275.9145073712,99.0,0,0,-100,0.0,0.0,0.0,0.0,,,99.0
1506553,Lachnoclostridium,"",2,-100,1506553,186803,Bacteria,0,2.0,52.848,15.5553204,88.55,87.5,34.1127434,0.0,81384.6896774208,15.5553204,0,0,-100,0.0,0.0,0.0,0.0,,,15.5553204
208479,[Clostridium] bolteae,"",1,208479,1506553,186803,Bacteria,0,2.0,52.848,99.0,88.55,87.5,34.1127434,0.0,81384.6896774208,99.0,0,0,-100,0.0,0.0,0.0,0.0,,,99.0
3484,Humulus,"",2,-100,3484,3481,Eukaryota,0,4.0,105.697,25.9710998,99.322,295.0,149.7281647,0.0,76200.97831737276,25.9710998,0,0,-100,0.0,0.0,0.0,0.0,,,25.9710998
3486,Humulus lupulus,European hop,1,3486,3484,3481,Eukaryota,0,4.0,105.697,27.7592383,99.322,295.0,149.7281647,0.0,76200.97831737276,27.7592383,0,0,-100,0.0,0.0,0.0,0.0,,,27.7592383
662,Vibrio,"",2,-100,662,641,Bacteria,0,2.0,52.848,12.8178798,100.0,149.5,90.1386795,0.0,67062.5318553696,12.8178798,5.0,132.121,0.8020526,82.48,49.0,307.6526489,0.0,0.35714,51.3094177,12.8178798
50719,Vibrio diabolicus,"",1,50719,662,641,Bacteria,0,2.0,52.848,99.0,100.0,149.5,90.1386795,0.0,67062.5318553696,99.0,0,0,-100,0.0,0.0,0.0,0.0,,,99.0
28173,Vibrio nigripulchritudo,"",1,28173,662,641,Bacteria,0,0,0,-100,0.0,0.0,0.0,0.0,4196.3007046752,99.0,2.0,52.848,99.0,75.75,49.5,307.6526489,0.0,0.14286,0.0304692,99.0
670,Vibrio parahaemolyticus,"",1,670,662,641,Bacteria,0,0,0,-100,0.0,0.0,0.0,0.0,92.0053870873759,1.4470735,3.0,79.272,1.4470735,86.9667,48.6667,307.6526489,0.0,0.21429,22.6198502,1.4470735
28895,Thermoanaerobacterium,"",2,-100,28895,543371,Bacteria,0,2.0,52.848,35.3417637,86.5,111.5,43.6197891,0.0,66872.24001180519,35.3417637,0,0,-100,0.0,0.0,0.0,0.0,,,35.3417637
1517,Thermoanaerobacterium thermosaccharolyticum,"",1,1517,28895,543371,Bacteria,0,2.0,52.848,35.8037978,86.5,111.5,43.6197891,0.0,66872.24001180519,35.8037978,0,0,-100,0.0,0.0,0.0,0.0,,,35.8037978
65356,Albugo,"",2,-100,65356,65355,Eukaryota,0,4.0,105.697,23.9609571,97.675,150.0,85.6799011,0.0,64722.83243230731,23.9609571,0,0,-100,0.0,0.0,0.0,0.0,,,23.9609571
653948,Albugo laibachii,"",1,653948,65356,65355,Eukaryota,0,4.0,105.697,25.5558713,97.675,150.0,85.6799011,0.0,64722.83243230731,25.5558713,0,0,-100,0.0,0.0,0.0,0.0,,,25.5558713
84406,Virgibacillus,"",2,-100,84406,186817,Bacteria,0,0,0,-100,0.0,0.0,0.0,0.0,62309.375141112,23.818787,1.0,26.424,23.818787,74.0,50.0,307.6526489,0.0,0.07143,0.5168503,23.818787
2024555,Virgibacillus profundi,"",1,2024555,84406,186817,Bacteria,0,0,0,-100,0.0,0.0,0.0,0.0,62309.375141112,99.0,1.0,26.424,99.0,74.0,50.0,307.6526489,0.0,0.07143,0.025016,99.0
32008,Burkholderia,"",2,-100,32008,119060,Bacteria,0,42.0,1109.819,2.5888164,99.6931,164.286,94.6675339,0.0,47950.868852990454,2.5888164,43.0,1136.243,2.094446,88.2773,46.9535,226.7478027,0.0,3.07143,183.6618652,2.5888164
488447,Burkholderia contaminans,"",1,488447,32008,119060,Bacteria,0,40.0,1056.97,8.2881528,99.8687,159.4,93.4962845,0.0,47950.868852990454,17.5628301,26.0,687.03,17.5628301,93.5712,50.8462,243.5295258,0.0,1.85714,12.3158112,17.5628301
488731,Burkholderia seminalis,"",1,488731,32008,119060,Bacteria,0,0,0,-100,0.0,0.0,0.0,0.0,11186.701017404032,67.3772138,3.0,79.272,67.3772138,56.9893,37.0,103.0317154,0.0,0.21429,0.3055887,67.3772138
148446,Burkholderia sp. A1,"",1,148446,32008,119060,Bacteria,0,0,0,-100,0.0,0.0,0.0,0.0,5479.020469296,99.0,1.0,26.424,99.0,65.3,49.0,307.6526489,0.0,0.07143,0.037544,99.0
2015345,Burkholderia sp. AU15512,"",1,2015345,32008,119060,Bacteria,0,0,0,-100,0.0,0.0,0.0,0.0,1899.51146754518,34.3221268,1.0,26.424,34.3221268,100.0,50.0,307.6526489,0.0,0.07143,0.1916623,34.3221268
292,Burkholderia cepacia,"",1,292,32008,119060,Bacteria,0,0,0,-100,0.0,0.0,0.0,0.0,1330.4244641778637,4.8078311,5.0,132.121,4.8078311,77.6472,39.8,184.6923218,0.0,0.35714,8.5773535,4.8078311
1503055,Burkholderia territorii,"",1,1503055,32008,119060,Bacteria,0,0,0,-100,0.0,0.0,0.0,0.0,1194.1973396323576,10.78893,2.0,52.848,10.78893,87.2,46.5,307.6526489,0.0,0.14286,1.4895319,10.78893
152480,Burkholderia ambifaria,"",1,152480,32008,119060,Bacteria,0,0,0,-100,0.0,0.0,0.0,0.0,164.28105146448138,2.9683817,1.0,26.424,2.9683817,100.0,49.0,307.6526489,0.0,0.07143,2.4949133,2.9683817
101571,Burkholderia ubonensis,"",1,101571,32008,119060,Bacteria,0,2.0,52.848,1.0370674,96.183,262.0,118.0925903,0.0,146.81458559715804,1.0370674,1.0,26.424,0.0890705,98.0,49.0,307.6526489,0.0,0.07143,20.1461716,1.0370674
28450,Burkholderia pseudomallei,"",1,28450,32008,119060,Bacteria,0,0,0,-100,0.0,0.0,0.0,0.0,57.15359954266522,0.516352,2.0,52.848,0.516352,88.235,34.0,16.1313553,0.0,0.14286,23.719656,0.516352
95486,Burkholderia cenocepacia,"",1,95486,32008,119060,Bacteria,0,0,0,-100,0.0,0.0,0.0,0.0,11.320359153807557,0.2045467,1.0,26.424,0.2045467,89.7,29.0,307.6526489,0.0,0.07143,17.294981,0.2045467
239934,Akkermansia,"",2,-100,239934,1647988,Bacteria,0,0,0,-100,0.0,0.0,0.0,0.0,46193.62460991215,38.7908707,1.0,26.424,38.7908707,65.3,49.0,307.6526489,0.0,0.07143,0.2183031,38.7908707
239935,Akkermansia muciniphila,"",1,239935,239934,1647988,Bacteria,0,0,0,-100,0.0,0.0,0.0,0.0,46193.62460991215,45.0665126,1.0,26.424,45.0665126,65.3,49.0,307.6526489,0.0,0.07143,0.1745677,45.0665126
547,Enterobacter,"",2,-100,547,543,Bacteria,0,7.0,184.969,10.7444094,99.7,145.286,86.6776581,0.0,43748.37025974469,10.7444094,1.0,26.424,0.6733284,100.0,38.0,307.6526489,0.0,0.07143,10.3220434,10.7444094
158836,Enterobacter hormaechei,"",1,158836,547,543,Bacteria,0,2.0,52.848,76.8849595,99.65,150.0,89.7975006,0.0,43748.37025974469,76.8849595,1.0,26.424,5.1433382,100.0,38.0,307.6526489,0.0,0.07143,1.6812471,76.8849595
550,Enterobacter cloacae,"",1,550,547,543,Bacteria,0,5.0,132.121,10.1951219,99.72,143.4,85.429718,0.0,14472.608800291531,10.1951219,0,0,-100,0.0,0.0,0.0,0.0,,,10.1951219
105135,Anaeromyces,"",2,-100,105135,29007,Eukaryota,0,0,0,-100,0.0,0.0,0.0,0.0,42054.01662586934,28.2091151,2.0,52.848,28.2091151,70.35,44.0,307.6526489,0.0,0.14286,0.5324222,28.2091151
1754192,Anaeromyces robustus,"",1,1754192,105135,29007,Eukaryota,0,0,0,-100,0.0,0.0,0.0,0.0,42054.01662586934,28.2091151,2.0,52.848,28.2091151,70.35,44.0,307.6526489,0.0,0.14286,0.5324222,28.2091151
92793,Aquabacterium,"",2,-100,92793,-300,Bacteria,0,1.0,26.424,15.6760268,91.8,147.0,71.9586105,0.0,41422.333216319996,15.6760268,0,0,-100,0.0,0.0,0.0,0.0,,,15.6760268
1296669,Aquabacterium olei,"",1,1296669,92793,-300,Bacteria,0,1.0,26.424,100.0,91.8,147.0,71.9586105,0.0,41422.333216319996,100.0,0,0,-100,0.0,0.0,0.0,0.0,,,100.0
79808,Coniochaeta,"",2,-100,79808,79807,Eukaryota,0,0,0,-100,0.0,0.0,0.0,0.0,40230.6298416,15.225034,1.0,26.424,15.225034,66.7,42.0,307.6526489,0.0,0.07143,0.4701315,15.225034
177199,Coniochaeta pulveracea,"",1,177199,79808,79807,Eukaryota,0,0,0,-100,0.0,0.0,0.0,0.0,40230.6298416,100.0,1.0,26.424,100.0,66.7,42.0,307.6526489,0.0,0.07143,0.0,100.0
33986,Exiguobacterium,"",2,-100,33986,-300,Bacteria,0,2.0,52.848,14.7632629,97.0,150.0,84.3098907,0.0,38105.3378953368,14.7632629,2.0,52.848,14.5663943,100.0,49.0,307.6526489,0.0,0.14286,1.6196589,14.7632629
33987,Exiguobacterium aurantiacum,"",1,33987,33986,-300,Bacteria,0,0,0,-100,0.0,0.0,0.0,0.0,38105.3378953368,99.0,1.0,26.424,99.0,100.0,49.0,307.6526489,0.0,0.07143,0.0201383,99.0
307643,Exiguobacterium profundum,"",1,307643,33986,-300,Bacteria,0,0,0,-100,0.0,0.0,0.0,0.0,38105.3378953368,99.0,1.0,26.424,99.0,100.0,49.0,307.6526489,0.0,0.07143,0.0050012,99.0
360911,Exiguobacterium sp. AT1b,"",1,360911,33986,-300,Bacteria,0,2.0,52.848,43.6557807,97.0,150.0,84.3098907,0.0,34060.629413006856,43.6557807,0,0,-100,0.0,0.0,0.0,0.0,,,43.6557807
191392,Auxenochlorella,"",2,-100,191392,35461,Eukaryota,0,0,0,-100,0.0,0.0,0.0,0.0,36273.81813525269,26.1859892,2.0,52.848,26.1859892,64.789,71.0,25.0172768,0.0,0.14286,0.6812583,26.1859892
3075,Auxenochlorella protothecoides,"",1,3075,191392,35461,Eukaryota,0,0,0,-100,0.0,0.0,0.0,0.0,36273.81813525269,26.2117327,2.0,52.848,26.2117327,64.789,71.0,25.0172768,0.0,0.14286,0.6802616,26.2117327
1578,Lactobacillus,"",2,-100,1578,33958,Bacteria,0,0,0,-100,0.0,0.0,0.0,0.0,32865.9750969264,6.2817807,42.0,1109.819,6.2817807,82.0496,72.8095,193.1135559,0.0,3.0,73.6671829,6.2817807
1589,Lactobacillus pentosus,"",1,1589,1578,33958,Bacteria,0,0,0,-100,0.0,0.0,0.0,0.0,32865.9750969264,99.0,2.0,52.848,99.0,97.0,49.5,307.6526489,0.0,0.14286,0.1500649,99.0
47715,Lactobacillus rhamnosus,"",1,47715,1578,33958,Bacteria,0,0,0,-100,0.0,0.0,0.0,0.0,21312.284844184363,11.6722077,11.0,290.666,11.6722077,100.0,68.3636,169.3740387,0.0,0.78571,9.8247185,11.6722077
1579,Lactobacillus acidophilus,"",1,1579,1578,33958,Bacteria,0,0,0,-100,0.0,0.0,0.0,0.0,14976.739265133818,15.0377184,6.0,158.545,15.0377184,99.6667,49.5,307.6526489,0.0,0.42857,3.263552,15.0377184
375175,Lactobacillus backii,"",1,375175,1578,33958,Bacteria,0,0,0,-100,0.0,0.0,0.0,0.0,13166.441221598672,26.4402659,3.0,79.272,26.4402659,79.9,46.3333,307.6526489,0.0,0.21429,1.0603269,26.4402659
47770,Lactobacillus crispatus,"",1,47770,1578,33958,Bacteria,0,0,0,-100,0.0,0.0,0.0,0.0,12031.793880155814,7.2484603,10.0,264.242,7.2484603,56.7984,124.1,91.0789642,0.0,0.71429,12.3453693,7.2484603
147802,Lactobacillus iners,"",1,147802,1578,33958,Bacteria,0,0,0,-100,0.0,0.0,0.0,0.0,4545.1343374712715,3.4227194,8.0,211.394,3.4227194,73.75,54.25,167.1725769,0.0,0.57143,16.0901527,3.4227194
1597,Lactobacillus paracasei,"",1,1597,1578,33958,Bacteria,0,0,0,-100,0.0,0.0,0.0,0.0,1205.13395698411,7.2602904,1.0,26.424,7.2602904,80.9,47.0,307.6526489,0.0,0.07143,1.1857641,7.2602904
1590,Lactobacillus plantarum,"",1,1590,1578,33958,Bacteria,0,0,0,-100,0.0,0.0,0.0,0.0,519.25933395296,3.128261,1.0,26.424,3.128261,75.5,49.0,307.6526489,0.0,0.07143,3.2040644,3.128261
469,Acinetobacter,"",2,-100,469,468,Bacteria,0,2.0,52.848,-0.2196121,95.65,149.5,81.2237244,0.0,32195.08902243178,1.1575287,92.0,2431.032,1.1575287,95.4918,289.837,300.954834,0.0,6.57143,390.8282471,1.1575287
470,Acinetobacter baumannii,"",1,470,469,468,Bacteria,0,0,0,-100,0.0,0.0,0.0,0.0,32195.08902243178,11.9611334,88.0,2325.335,11.9611334,96.5221,301.864,307.6526489,0.0,6.28571,53.385273,11.9611334
108981,Acinetobacter schindleri,"",1,108981,469,468,Bacteria,0,0,0,-100,0.0,0.0,0.0,0.0,611.9287693321305,6.6688245,3.0,79.272,6.6688245,66.6667,26.0,102.2527771,0.0,0.21429,1.9424493,6.6688245
1636603,Acinetobacter sp. ACNIH1,"",1,1636603,469,468,Bacteria,0,2.0,52.848,3.010524,95.65,149.5,81.2237244,0.0,34.94032296058466,3.010524,0,0,-100,0.0,0.0,0.0,0.0,,,3.010524
202956,Acinetobacter towneri,"",1,202956,469,468,Bacteria,0,0,0,-100,0.0,0.0,0.0,0.0,2.868781782648,0.0937923,1.0,26.424,0.0937923,91.3,23.0,307.6526489,0.0,0.07143,18.99049,0.0937923
4071,Capsicum,peppers,2,-100,4071,4070,Eukaryota,0,0,0,-100,0.0,0.0,0.0,0.0,30805.11999216122,9.0325196,13.0,343.515,9.0325196,85.3985,127.308,128.2064819,0.0,0.92857,12.8243914,9.0325196
33114,Capsicum baccatum,"",1,33114,4071,4070,Eukaryota,0,0,0,-100,0.0,0.0,0.0,0.0,30805.11999216122,9.928149,13.0,343.515,9.928149,85.3985,127.308,128.2064819,0.0,0.92857,11.3038797,9.928149
1883,Streptomyces,"",2,-100,1883,2062,Bacteria,0,0,0,-100,0.0,0.0,0.0,0.0,29126.421286219997,2.7556526,20.0,528.485,2.7556526,87.4017,76.4,72.0324631,0.0,1.42857,77.1715317,2.7556526
51201,Streptomyces griseocarneus,"",1,51201,1883,2062,Bacteria,0,0,0,-100,0.0,0.0,0.0,0.0,29126.421286219997,100.0,4.0,105.697,100.0,89.041,73.0,40.0409584,0.0,0.28571,0.0,100.0
645465,Streptomyces sp. e14,"",1,645465,1883,2062,Bacteria,0,0,0,-100,0.0,0.0,0.0,0.0,21198.2446644791,20.7943484,14.0,369.939,20.7943484,87.805,82.0,47.5128632,0.0,1.0,6.0054197,20.7943484
1886,Streptomyces albidoflavus,"",1,1886,1883,2062,Bacteria,0,0,0,-100,0.0,0.0,0.0,0.0,7208.7210659376,99.0,1.0,26.424,99.0,66.7,39.0,307.6526489,0.0,0.07143,0.0093903,99.0
285514,Streptomyces xylophagus,"",1,285514,1883,2062,Bacteria,0,0,0,-100,0.0,0.0,0.0,0.0,1097.817769477334,15.0767325,1.0,26.424,15.0767325,95.9,49.0,307.6526489,0.0,0.07143,0.552635,15.0767325
1663,Arthrobacter,"",2,-100,1663,1268,Bacteria,0,0,0,-100,0.0,0.0,0.0,0.0,28951.8403651488,5.5336594,5.0,132.121,5.5336594,70.9,49.6,307.6526489,0.0,0.35714,6.0783157,5.5336594
1736274,Arthrobacter sp. Leaf145,"",1,1736274,1663,1268,Bacteria,0,0,0,-100,0.0,0.0,0.0,0.0,28951.8403651488,99.0,2.0,52.848,99.0,78.0,50.0,307.6526489,0.0,0.14286,0.0523038,99.0
2183908,Arthrobacter sp. AG1021,"",1,2183908,1663,1268,Bacteria,0,0,0,-100,0.0,0.0,0.0,0.0,14622.14159856,100.0,1.0,26.424,100.0,56.0,50.0,307.6526489,0.0,0.07143,0.0,100.0
98672,Arthrobacter luteolus,"",1,98672,1663,1268,Bacteria,0,0,0,-100,0.0,0.0,0.0,0.0,14475.9201825744,99.0,1.0,26.424,99.0,62.5,48.0,307.6526489,0.0,0.07143,0.0426416,99.0
1848596,Arthrobacter sp. MYb214,"",1,1848596,1663,1268,Bacteria,0,0,0,-100,0.0,0.0,0.0,0.0,14475.9201825744,99.0,1.0,26.424,99.0,80.0,50.0,307.6526489,0.0,0.07143,0.0198526,99.0
1301,Streptococcus,"",2,-100,1301,1300,Bacteria,0,9.0,237.818,0.2103867,95.1373,170.889,77.5934372,0.0,23654.886331903203,3.0141569,36.0,951.273,3.0141569,92.8589,103.583,137.0236511,0.0,2.57143,126.610611,3.0141569
1346,Streptococcus iniae,"",1,1346,1301,1300,Bacteria,0,0,0,-100,0.0,0.0,0.0,0.0,23654.886331903203,99.0,3.0,79.272,99.0,68.9813,47.0,111.3047333,0.0,0.21429,0.0065266,99.0
1328,Streptococcus anginosus,"",1,1328,1301,1300,Bacteria,0,0,0,-100,0.0,0.0,0.0,0.0,21455.189637630487,9.6206807,28.0,739.879,9.6206807,95.117,119.571,109.3097839,0.0,2.0,33.5107346,9.6206807
315405,Streptococcus gallolyticus,"",1,315405,1301,1300,Bacteria,0,2.0,52.848,99.0,99.65,150.0,89.7975006,0.0,1100.7331158384002,99.0,0,0,-100,0.0,0.0,0.0,0.0,,,99.0
1308,Streptococcus thermophilus,"",1,1308,1301,1300,Bacteria,0,4.0,105.697,15.915498,89.759,199.5,64.5589371,0.0,353.91679696788736,15.915498,0,0,-100,0.0,0.0,0.0,0.0,,,15.915498
1313,Streptococcus pneumoniae,"",1,1313,1301,1300,Bacteria,0,0,0,-100,0.0,0.0,0.0,0.0,262.912260486602,0.8252439,4.0,105.697,0.8252439,93.675,47.75,307.6526489,0.0,0.28571,33.4539642,0.8252439
1314,Streptococcus pyogenes,"",1,1314,1301,1300,Bacteria,0,0,0,-100,0.0,0.0,0.0,0.0,42.01297370220991,0.5274958,1.0,26.424,0.5274958,98.0,49.0,307.6526489,0.0,0.07143,7.6883955,0.5274958
45634,Streptococcus cristatus,"",1,45634,1301,1300,Bacteria,0,1.0,26.424,2.0878543,97.9,143.0,81.5850296,0.0,11.606921055836372,2.0878543,0,0,-100,0.0,0.0,0.0,0.0,,,2.0878543
1303,Streptococcus oralis,"",1,1303,1301,1300,Bacteria,0,2.0,52.848,0.3063338,100.0,148.5,89.4625931,0.0,3.4059773551577504,0.3063338,0,0,-100,0.0,0.0,0.0,0.0,,,0.3063338
475,Moraxella,"",2,-100,475,468,Bacteria,0,36.0,951.273,2.6475989,97.2064,168.889,86.2001572,0.0,23522.312984945944,6.1327727,18.0,475.636,6.1327727,88.7853,45.1667,256.5057373,0.0,1.28571,27.3997154,6.1327727
34062,Moraxella osloensis,"",1,34062,475,468,Bacteria,0,36.0,951.273,2.7517404,97.2064,168.889,86.2001572,0.0,23522.312984945944,6.0226208,17.0,449.212,6.0226208,88.4845,44.9412,253.4970856,0.0,1.21429,25.5578518,6.0226208
34059,Moraxella atlantae,"",1,34059,475,468,Bacteria,0,0,0,-100,0.0,0.0,0.0,0.0,796.4373859364335,4.9146909,1.0,26.424,4.9146909,93.9,49.0,307.6526489,0.0,0.07143,0.8233489,4.9146909
838,Prevotella,"",2,-100,838,171552,Bacteria,0,6.0,158.545,8.8213032,94.8167,127.167,67.5755768,0.0,22556.702378800506,8.8213032,2.0,52.848,1.6051167,70.667,75.0,32.1524277,0.0,0.14286,12.6894741,8.8213032
159272,uncultured Prevotella sp.,"",1,159272,838,171552,Bacteria,0,1.0,26.424,96.7707928,100.0,150.0,90.4814835,0.0,22556.702378800506,96.7707928,0,0,-100,0.0,0.0,0.0,0.0,,,96.7707928
1177574,Prevotella jejuni,"",1,1177574,838,171552,Bacteria,0,2.0,52.848,26.125567,99.65,150.0,89.7975006,0.0,12179.431877020066,26.125567,0,0,-100,0.0,0.0,0.0,0.0,,,26.125567
28129,Prevotella denticola,"",1,28129,838,171552,Bacteria,0,1.0,26.424,22.8011185,81.9,94.0,28.9208183,0.0,5314.806555023514,22.8011185,0,0,-100,0.0,0.0,0.0,0.0,,,22.8011185
28131,Prevotella intermedia,"",1,28131,838,171552,Bacteria,0,2.0,52.848,3.689535,93.85,109.5,53.2280884,0.0,1720.01779675753,3.689535,0,0,-100,0.0,0.0,0.0,0.0,,,3.689535
165179,Prevotella copri,"",1,165179,838,171552,Bacteria,0,0,0,-100,0.0,0.0,0.0,0.0,889.9226311184201,10.4910047,2.0,52.848,10.4910047,70.667,75.0,32.1524277,0.0,0.14286,1.1371384,10.4910047
85108,Halorhodospira,"",2,-100,85108,72276,Bacteria,0,1.0,26.424,24.1717244,82.1,84.0,24.8538723,0.0,21054.41737219043,24.1717244,0,0,-100,0.0,0.0,0.0,0.0,,,24.1717244
1053,Halorhodospira halophila,"",1,1053,85108,72276,Bacteria,0,1.0,26.424,32.963782,82.1,84.0,24.8538723,0.0,21054.41737219043,32.963782,0,0,-100,0.0,0.0,0.0,0.0,,,32.963782
670516,Mycobacteroides,"",2,-100,670516,1762,Bacteria,0,4.0,105.697,100.0,90.384,192.25,79.7367477,0.0,20891.75731874,100.0,7.0,184.969,100.0,98.7623,57.4286,233.6975098,0.0,0.5,0.0,100.0
948102,Mycobacteroides franklinii,"",1,948102,670516,1762,Bacteria,0,0,0,-100,0.0,0.0,0.0,0.0,20891.75731874,1.5812594,5.0,132.121,1.5812594,99.0872,60.8,204.1154633,0.0,0.35714,20.6749535,1.5812594
83262,Mycobacteroides immunogenum,"",1,83262,670516,1762,Bacteria,0,2.0,52.848,1.6792573,94.118,238.0,98.1325302,0.0,8874.538979039999,1.6792573,0,0,-100,0.0,0.0,0.0,0.0,,,1.6792573
1578165,Mycobacteroides saopaulense,"",1,1578165,670516,1762,Bacteria,0,1.0,26.424,1.6349097,85.3,143.0,56.886055,0.0,4320.08539128,1.6349097,0,0,-100,0.0,0.0,0.0,0.0,,,1.6349097
36809,Mycobacteroides abscessus,"",1,36809,670516,1762,Bacteria,0,1.0,26.424,0.4340916,88.0,150.0,65.7958832,0.0,539.5437288,0.4340916,2.0,52.848,-0.1149523,97.95,49.0,307.6526489,0.0,0.14286,68.0953903,0.4340916
207244,Anaerostipes,"",2,-100,207244,186803,Bacteria,0,0,0,-100,0.0,0.0,0.0,0.0,19740.67158700538,23.7294798,1.0,26.424,23.7294798,78.3,46.0,307.6526489,0.0,0.07143,0.4790298,23.7294798
105841,Anaerostipes caccae,"",1,105841,207244,186803,Bacteria,0,0,0,-100,0.0,0.0,0.0,0.0,19740.67158700538,31.4829301,1.0,26.424,31.4829301,78.3,46.0,307.6526489,0.0,0.07143,0.2440879,31.4829301
-200010699,Non-genus-specific reads in family Siphoviridae,,2,-100,-200010699,10699,Viruses,1,0,0,-100,0.0,0.0,0.0,0.0,18471.89194488,6.9905737,1.0,26.424,6.9905737,100.0,49.0,307.6526489,0.0,0.07143,1.3433896,6.9905737
10713,Enterobacteria phage phi80,"",1,10713,-200010699,10699,Viruses,1,0,0,-100,0.0,0.0,0.0,0.0,18471.89194488,100.0,1.0,26.424,100.0,100.0,49.0,307.6526489,0.0,0.07143,0.0,100.0
1654,Actinomyces,"",2,-100,1654,2049,Bacteria,0,5.0,132.121,2.3492401,93.3414,240.6,95.4387665,0.0,18436.6671595128,2.3492401,0,0,-100,0.0,0.0,0.0,0.0,,,2.3492401
1656,Actinomyces viscosus,"",1,1656,1654,2049,Bacteria,0,3.0,79.272,99.0,89.369,301.0,99.6556091,0.0,18436.6671595128,99.0,0,0,-100,0.0,0.0,0.0,0.0,,,99.0
712122,Actinomyces sp. oral taxon 414,"",1,712122,1654,2049,Bacteria,0,2.0,52.848,24.2174143,99.3,150.0,89.1135101,0.0,3006.655938808927,24.2174143,0,0,-100,0.0,0.0,0.0,0.0,,,24.2174143
3846,Glycine,"",2,-100,3846,3803,Eukaryota,0,0,0,-100,0.0,0.0,0.0,0.0,18062.351445161556,10.5273912,6.0,158.545,10.5273912,89.6667,37.1667,205.0637817,0.0,0.42857,5.4531794,10.5273912
3847,Glycine max,soybean,1,3847,3846,3803,Eukaryota,0,0,0,-100,0.0,0.0,0.0,0.0,18062.351445161556,10.8218367,6.0,158.545,10.8218367,89.6667,37.1667,205.0637817,0.0,0.42857,5.238574,10.8218367
-200335929,Non-genus-specific reads in family Erythrobacteraceae,,2,-100,-200335929,335929,Bacteria,0,0,0,-100,0.0,0.0,0.0,0.0,16314.476816283928,16.7237243,1.0,26.424,16.7237243,80.5,41.0,307.6526489,0.0,0.07143,0.503819,16.7237243
2026738,Erythrobacteraceae bacterium,"",1,2026738,-200335929,335929,Bacteria,0,0,0,-100,0.0,0.0,0.0,0.0,16314.476816283928,36.9182912,1.0,26.424,36.9182912,80.5,41.0,307.6526489,0.0,0.07143,0.1798867,36.9182912
5583,Exophiala,"",2,-100,5583,43219,Eukaryota,0,2.0,52.848,8.9967327,92.45,145.0,71.9692764,0.0,13593.899645925292,8.9967327,2.0,52.848,3.3346996,95.9,49.0,307.6526489,0.0,0.14286,2.5701506,8.9967327
348802,Exophiala xenobiotica,"",1,348802,5583,43219,Eukaryota,0,2.0,52.848,10.7836364,92.45,145.0,71.9692764,0.0,13593.899645925292,48.0429734,2.0,52.848,48.0429734,95.9,49.0,307.6526489,0.0,0.14286,0.3098978,48.0429734
1375,Aerococcus,"",2,-100,1375,186827,Bacteria,0,0,0,-100,0.0,0.0,0.0,0.0,12583.208442261599,4.8101391,1.0,26.424,4.8101391,100.0,50.0,307.6526489,0.0,0.07143,1.8349174,4.8101391
1376,Aerococcus urinae,"",1,1376,1375,186827,Bacteria,0,0,0,-100,0.0,0.0,0.0,0.0,12583.208442261599,99.0,1.0,26.424,99.0,100.0,50.0,307.6526489,0.0,0.07143,0.0336912,99.0
191769,Marinilactibacillus,"",2,-100,191769,186828,Bacteria,0,4.0,105.697,10.3068227,91.356,186.5,72.5629425,0.0,11417.391007566015,10.3068227,0,0,-100,0.0,0.0,0.0,0.0,,,10.3068227
1911586,Marinilactibacillus sp. 15R,"",1,1911586,191769,186828,Bacteria,0,4.0,105.697,10.4804374,91.356,186.5,72.5629425,0.0,11417.391007566015,10.4804374,0,0,-100,0.0,0.0,0.0,0.0,,,10.4804374
1847,Pseudonocardia,"",2,-100,1847,2070,Bacteria,0,0,0,-100,0.0,0.0,0.0,0.0,11095.397990424,4.241399,1.0,26.424,4.241399,98.0,49.0,307.6526489,0.0,0.07143,2.1483641,4.241399
882856,Pseudonocardia sp. P2,"",1,882856,1847,2070,Bacteria,0,0,0,-100,0.0,0.0,0.0,0.0,11095.397990424,99.0,1.0,26.424,99.0,98.0,49.0,307.6526489,0.0,0.07143,0.0830116,99.0
265,Paracoccus,"",2,-100,265,31989,Bacteria,0,2.0,52.848,0.1484949,85.141,249.0,65.3089218,0.0,10943.091048970582,2.9673467,7.0,184.969,2.9673467,85.1857,56.5714,230.9971924,0.0,0.5,20.8298683,2.9673467
2032623,Paracoccus sp. WN007,"",1,2032623,265,31989,Bacteria,0,0,0,-100,0.0,0.0,0.0,0.0,10943.091048970582,46.5213068,3.0,79.272,46.5213068,100.0,71.3333,128.7899017,0.0,0.21429,0.5638371,46.5213068
525640,Paracoccus chinensis,"",1,525640,265,31989,Bacteria,0,0,0,-100,0.0,0.0,0.0,0.0,9189.64762360843,39.067062,3.0,79.272,39.067062,72.3667,44.6667,307.6526489,0.0,0.21429,0.6637774,39.067062
336292,Paracoccus tibetensis,"",1,336292,265,31989,Bacteria,0,0,0,-100,0.0,0.0,0.0,0.0,2762.7068215227196,35.2344866,1.0,26.424,35.2344866,79.2,48.0,307.6526489,0.0,0.07143,0.2550534,35.2344866
34004,Paracoccus aminovorans,"",1,34004,265,31989,Bacteria,0,2.0,52.848,6.5796915,85.141,249.0,65.3089218,0.0,51.635171764176405,6.5796915,0,0,-100,0.0,0.0,0.0,0.0,,,6.5796915
1522432,Pseudoduganella,"",2,-100,1522432,75682,Bacteria,0,0,0,-100,0.0,0.0,0.0,0.0,10691.33312983245,14.223342,2.0,52.848,14.223342,92.683,82.0,47.7189674,0.0,0.14286,1.0409428,14.223342
246602,Pseudoduganella violaceinigra,"",1,246602,1522432,75682,Bacteria,0,0,0,-100,0.0,0.0,0.0,0.0,10691.33312983245,14.223342,2.0,52.848,14.223342,92.683,82.0,47.7189674,0.0,0.14286,1.0409428,14.223342
3869,Lupinus,"",2,-100,3869,3803,Eukaryota,0,0,0,-100,0.0,0.0,0.0,0.0,10536.855268255871,9.9844507,4.0,105.697,9.9844507,93.878,98.0,57.6695862,0.0,0.28571,3.2319577,9.9844507
3871,Lupinus angustifolius,narrow-leaved blue lupine,1,3871,3869,3803,Eukaryota,0,0,0,-100,0.0,0.0,0.0,0.0,10536.855268255871,9.9844507,4.0,105.697,9.9844507,93.878,98.0,57.6695862,0.0,0.28571,3.2319577,9.9844507
43668,Brachybacterium,"",2,-100,43668,85020,Bacteria,0,1.0,26.424,0.5052774,85.3,143.0,56.886055,0.0,10102.767466809599,1.9309748,2.0,52.848,1.9309748,92.593,81.0,49.6497536,0.0,0.14286,4.8282747,1.9309748
1903186,Brachybacterium sp. P6-10-X1,"",1,1903186,43668,85020,Bacteria,0,0,0,-100,0.0,0.0,0.0,0.0,10102.767466809599,99.0,2.0,52.848,99.0,92.593,81.0,49.6497536,0.0,0.14286,0.122022,99.0
43669,Brachybacterium faecium,"",1,43669,43668,85020,Bacteria,0,1.0,26.424,7.8041508,85.3,143.0,56.886055,0.0,104.19672933601306,7.8041508,0,0,-100,0.0,0.0,0.0,0.0,,,7.8041508
1730,Eubacterium,"",2,-100,1730,186806,Bacteria,0,0,0,-100,0.0,0.0,0.0,0.0,9728.461920699805,8.4605502,2.0,52.848,8.4605502,90.6,32.0,307.6526489,0.0,0.14286,2.0404544,8.4605502
39496,Eubacterium ventriosum,"",1,39496,1730,186806,Bacteria,0,0,0,-100,0.0,0.0,0.0,0.0,9728.461920699805,21.7579022,2.0,52.848,21.7579022,90.6,32.0,307.6526489,0.0,0.14286,1.0754265,21.7579022
1716,Corynebacterium,"",2,-100,1716,1653,Bacteria,0,16.0,422.788,0.9140504,95.1438,137.875,73.3730621,0.0,9564.6261277512,1.250317,13.0,343.515,1.250317,94.6385,47.8462,244.1578827,0.0,0.92857,92.7880173,1.250317
1725,Corynebacterium xerosis,"",1,1725,1716,1653,Bacteria,0,4.0,105.697,99.0,99.475,149.75,89.2850723,0.0,9564.6261277512,99.0,0,0,-100,0.0,0.0,0.0,0.0,,,99.0
35756,Corynebacterium pilosum,"",1,35756,1716,1653,Bacteria,0,2.0,52.848,100.0,100.0,150.0,90.4814835,0.0,4830.5735539199995,100.0,0,0,-100,0.0,0.0,0.0,0.0,,,100.0
1739489,Corynebacterium sp. HMSC072B09,"",1,1739489,1716,1653,Bacteria,0,0,0,-100,0.0,0.0,0.0,0.0,3270.7992643919997,99.0,1.0,26.424,99.0,85.3,34.0,307.6526489,0.0,0.07143,0.0620022,99.0
1852390,Corynebacterium fournierii,"",1,1852390,1716,1653,Bacteria,0,0,0,-100,0.0,0.0,0.0,0.0,1252.2770679742123,37.9037109,1.0,26.424,37.9037109,100.0,50.0,307.6526489,0.0,0.07143,0.231732,37.9037109
38303,Corynebacterium pseudogenitalium,"",1,38303,1716,1653,Bacteria,0,0,0,-100,0.0,0.0,0.0,0.0,681.3554742743985,3.4371704,6.0,158.545,3.4371704,98.75,49.5,170.0806427,0.0,0.42857,14.7413826,3.4371704
38286,Corynebacterium afermentans,"",1,38286,1716,1653,Bacteria,0,0,0,-100,0.0,0.0,0.0,0.0,529.6568854869937,8.0157826,2.0,52.848,8.0157826,92.55,47.0,307.6526489,0.0,0.14286,1.4865381,8.0157826
401472,Corynebacterium ureicelerivorans,"",1,401472,1716,1653,Bacteria,0,5.0,132.121,4.1748377,91.22,137.8,66.2375031,0.0,504.1753306502747,4.1748377,0,0,-100,0.0,0.0,0.0,0.0,,,4.1748377
28028,Corynebacterium flavescens,"",1,28028,1716,1653,Bacteria,0,1.0,26.424,9.8458844,92.0,150.0,74.0177307,0.0,237.8063439879674,9.8458844,0,0,-100,0.0,0.0,0.0,0.0,,,9.8458844
1232427,Corynebacterium ihumii,"",1,1232427,1716,1653,Bacteria,0,0,0,-100,0.0,0.0,0.0,0.0,233.13624141294198,7.0565284,1.0,26.424,7.0565284,100.0,49.0,307.6526489,0.0,0.07143,0.7563031,7.0565284
161896,Corynebacterium camporealensis,"",1,161896,1716,1653,Bacteria,0,2.0,52.848,3.0730909,89.15,119.0,50.1126671,0.0,148.4479163033221,3.0730909,0,0,-100,0.0,0.0,0.0,0.0,,,3.0730909
1717,Corynebacterium diphtheriae,"",1,1717,1716,1653,Bacteria,0,0,0,-100,0.0,0.0,0.0,0.0,103.80821076973054,1.5710247,2.0,52.848,1.5710247,83.7,49.0,307.6526489,0.0,0.14286,9.5583038,1.5710247
146827,Corynebacterium simulans,"",1,146827,1716,1653,Bacteria,0,1.0,26.424,1.2800044,100.0,129.0,76.1426697,0.0,30.915777017706183,1.2800044,0,0,-100,0.0,0.0,0.0,0.0,,,1.2800044
169292,Corynebacterium aurimucosum,"",1,169292,1716,1653,Bacteria,0,1.0,26.424,0.1156508,98.0,101.0,54.2924309,0.0,2.7932984798484557,0.1156508,0,0,-100,0.0,0.0,0.0,0.0,,,0.1156508
79328,Chitinophaga,"",2,-100,79328,563835,Bacteria,0,2.0,52.848,11.0722286,95.3,150.0,80.886055,0.0,9330.646180053638,11.0722286,0,0,-100,0.0,0.0,0.0,0.0,,,11.0722286
2033437,Chitinophaga sp. MD30,"",1,2033437,79328,563835,Bacteria,0,2.0,52.848,15.9458664,95.3,150.0,80.886055,0.0,9330.646180053638,15.9458664,0,0,-100,0.0,0.0,0.0,0.0,,,15.9458664
3705,Brassica,"",2,-100,3705,3700,Eukaryota,0,0,0,-100,0.0,0.0,0.0,0.0,7764.531240048854,8.4548202,4.0,105.697,8.4548202,88.0,50.0,25.4412918,0.0,0.28571,5.5555949,8.4548202
3708,Brassica napus,rape,1,3708,3705,3700,Eukaryota,0,0,0,-100,0.0,0.0,0.0,0.0,7764.531240048854,8.688568,4.0,105.697,8.688568,88.0,50.0,25.4412918,0.0,0.28571,5.0479689,8.688568
544,Citrobacter,"",2,-100,544,543,Bacteria,0,0,0,-100,0.0,0.0,0.0,0.0,7761.364993426529,6.2054882,2.0,52.848,6.2054882,85.7,49.0,307.6526489,0.0,0.14286,4.3083901,6.2054882
1981983,Citrobacter sp. L55,"",1,1981983,544,543,Bacteria,0,0,0,-100,0.0,0.0,0.0,0.0,7761.364993426529,23.6664761,2.0,52.848,23.6664761,85.7,49.0,307.6526489,0.0,0.14286,0.4773878,23.6664761
570,Klebsiella,"",2,-100,570,543,Bacteria,0,6.0,158.545,2.3476134,99.3193,147.5,81.2768631,0.0,7237.453181288707,2.3476134,6.0,158.545,2.2156825,85.0667,37.5,112.8032913,0.0,0.42857,27.797142,2.3476134
571,Klebsiella oxytoca,"",1,571,570,543,Bacteria,0,4.0,105.697,2.2094348,98.979,146.25,76.6745529,0.0,7237.453181288707,28.5630692,4.0,105.697,28.5630692,77.6,31.75,154.3056335,0.0,0.28571,1.0225188,28.5630692
1134687,Klebsiella michiganensis,"",1,1134687,570,543,Bacteria,0,0,0,-100,0.0,0.0,0.0,0.0,604.9754545089598,5.1665623,2.0,52.848,5.1665623,100.0,49.0,29.7986031,0.0,0.14286,1.959857,5.1665623
573,Klebsiella pneumoniae,"",1,573,570,543,Bacteria,0,2.0,52.848,3.6463884,100.0,150.0,90.4814835,0.0,452.39527711960613,3.6463884,0,0,-100,0.0,0.0,0.0,0.0,,,3.6463884
1763,Mycobacterium,"",2,-100,1763,1762,Bacteria,0,6.0,158.545,0.5161719,87.5867,203.667,66.411171,0.0,7000.692163878601,0.5161719,4.0,105.697,-0.1528543,92.105,76.0,45.6516953,0.0,0.28571,155.9189606,0.5161719
1920667,Mycobacterium sp. WY10,"",1,1920667,1763,1762,Bacteria,0,4.0,105.697,99.0,86.58,231.0,65.3516388,0.0,7000.692163878601,99.0,4.0,105.697,99.0,92.105,76.0,45.6516953,0.0,0.28571,0.0082398,99.0
1767,Mycobacterium intracellulare,"",1,1767,1763,1762,Bacteria,0,2.0,52.848,74.9967006,89.6,149.0,68.5302429,0.0,2045.8089396537064,74.9967006,0,0,-100,0.0,0.0,0.0,0.0,,,74.9967006
1817,Nocardia,"",2,-100,1817,85025,Bacteria,0,0,0,-100,0.0,0.0,0.0,0.0,6877.590045331861,6.0382604,4.0,105.697,6.0382604,80.0,45.0,20.1844215,0.0,0.28571,9.1350718,6.0382604
1824,Nocardia asteroides,"",1,1824,1817,85025,Bacteria,0,0,0,-100,0.0,0.0,0.0,0.0,6877.590045331861,10.7761043,4.0,105.697,10.7761043,80.0,45.0,20.1844215,0.0,0.28571,4.5523648,10.7761043
1647178,Aliicoccus,"",2,-100,1647178,90964,Bacteria,0,0,0,-100,0.0,0.0,0.0,0.0,6333.190757927471,10.9470476,2.0,52.848,10.9470476,80.488,82.0,46.3625107,0.0,0.14286,1.2858342,10.9470476
930138,Aliicoccus persicus,"",1,930138,1647178,90964,Bacteria,0,0,0,-100,0.0,0.0,0.0,0.0,6333.190757927471,10.9470476,2.0,52.848,10.9470476,80.488,82.0,46.3625107,0.0,0.14286,1.2858342,10.9470476
1637,Listeria,"",2,-100,1637,186820,Bacteria,0,0,0,-100,0.0,0.0,0.0,0.0,4751.914187513892,3.4480439,2.0,52.848,3.4480439,84.55,48.5,307.6526489,0.0,0.14286,6.020052,3.4480439
1641,Listeria grayi,"",1,1641,1637,186820,Bacteria,0,0,0,-100,0.0,0.0,0.0,0.0,4751.914187513892,26.0775776,2.0,52.848,26.0775776,84.55,48.5,307.6526489,0.0,0.14286,0.72285,26.0775776
127,Isosphaera,"",2,-100,127,1763524,Bacteria,0,1.0,26.424,10.4447426,91.1,135.0,63.7695503,0.0,4736.613713362411,10.4447426,0,0,-100,0.0,0.0,0.0,0.0,,,10.4447426
128,Isosphaera pallida,"",1,128,127,1763524,Bacteria,0,1.0,26.424,17.1621489,91.1,135.0,63.7695503,0.0,4736.613713362411,17.1621489,0,0,-100,0.0,0.0,0.0,0.0,,,17.1621489
1470540,Jeotgalibaca,"",2,-100,1470540,186828,Bacteria,0,4.0,105.697,6.5063832,90.347,259.0,91.33255,0.0,4505.972904811394,6.5063832,0,0,-100,0.0,0.0,0.0,0.0,,,6.5063832
1903686,Jeotgalibaca sp. PTS2502,"",1,1903686,1470540,186828,Bacteria,0,4.0,105.697,6.5521869,90.347,259.0,91.33255,0.0,4505.972904811394,6.5521869,0,0,-100,0.0,0.0,0.0,0.0,,,6.5521869
39643,Sorangium,"",2,-100,39643,49,Bacteria,0,0,0,-100,0.0,0.0,0.0,0.0,4135.471465643979,12.5045825,1.0,26.424,12.5045825,58.0,50.0,307.6526489,0.0,0.07143,0.6814082,12.5045825
56,Sorangium cellulosum,"",1,56,39643,49,Bacteria,0,0,0,-100,0.0,0.0,0.0,0.0,4135.471465643979,12.5157613,1.0,26.424,12.5157613,58.0,50.0,307.6526489,0.0,0.07143,0.6802408,12.5157613
374,Bradyrhizobium,"",2,-100,374,41294,Bacteria,0,39.0,1030.546,-0.1751926,93.0003,173.564,78.1658554,0.0,4041.6326028,-0.1176552,48.0,1268.364,-0.1176552,92.0333,57.3125,194.569931,0.0,3.42857,2076.4382324,-0.1176552
2133945,Bradyrhizobium sp. MOS004,"",1,2133945,374,41294,Bacteria,0,0,0,-100,0.0,0.0,0.0,0.0,4041.6326028,100.0,13.0,343.515,100.0,89.6991,43.5385,215.8587189,0.0,0.92857,0.0,100.0
1380355,Bradyrhizobium sp. URHD0069,"",1,1380355,374,41294,Bacteria,0,0,0,-100,0.0,0.0,0.0,0.0,35.080992491195886,5.6419884,2.0,52.848,5.6419884,71.9,44.5,307.6526489,0.0,0.14286,2.8379729,5.6419884
376,Bradyrhizobium sp.,"",1,376,374,41294,Bacteria,0,1.0,26.424,0.1512364,99.3,150.0,89.1135101,0.0,13.015694738409794,3.9613672,1.0,26.424,3.9613672,100.0,49.0,307.6526489,0.0,0.07143,1.8812099,3.9613672
335659,Bradyrhizobium sp. S23321,"",1,335659,374,41294,Bacteria,0,2.0,52.848,1.1186624,87.3,117.0,48.0629921,0.0,10.357223673141227,1.1186624,0,0,-100,0.0,0.0,0.0,0.0,,,1.1186624
418599,Bradyrhizobium sp. UFLA03-84,"",1,418599,374,41294,Bacteria,0,0,0,-100,0.0,0.0,0.0,0.0,3.4164778453665727,0.2747292,4.0,105.697,0.2747292,94.6155,72.0,42.9781456,0.0,0.28571,54.5630569,0.2747292
1437360,Bradyrhizobium erythrophlei,"",1,1437360,374,41294,Bacteria,0,0,0,-100,0.0,0.0,0.0,0.0,2.9944763069749074,0.1926362,5.0,132.121,0.1926362,96.6712,65.6,202.7460632,0.0,0.35714,81.4372177,0.1926362
1355477,Bradyrhizobium diazoefficiens,"",1,1355477,374,41294,Bacteria,0,2.0,52.848,0.217207,93.0,142.0,71.301033,0.0,2.011028065636234,0.217207,0,0,-100,0.0,0.0,0.0,0.0,,,0.217207
1274631,Bradyrhizobium icense,"",1,1274631,374,41294,Bacteria,0,1.0,26.424,0.3857961,84.9,139.0,54.1549034,0.0,1.7859617432057966,0.3857961,0,0,-100,0.0,0.0,0.0,0.0,,,0.3857961
172088,Bradyrhizobium sp. th.b2,"",1,172088,374,41294,Bacteria,0,0,0,-100,0.0,0.0,0.0,0.0,0.8187287505562713,0.1316741,2.0,52.848,0.1316741,100.0,42.5,307.6526489,0.0,0.14286,36.6253586,0.1316741
1654716,Bradyrhizobium viridifuturi,"",1,1654716,374,41294,Bacteria,0,0,0,-100,0.0,0.0,0.0,0.0,0.5921114153217869,0.0952278,2.0,52.848,0.0952278,96.25,80.0,50.4056091,0.0,0.14286,39.8454399,0.0952278
1680160,Bradyrhizobium sp. NAS96.2,"",1,1680160,374,41294,Bacteria,0,0,0,-100,0.0,0.0,0.0,0.0,-0.34236868208519805,-0.0550623,2.0,52.848,-0.0550623,99.0,49.5,307.6526489,0.0,0.14286,65.0029297,-0.0550623
630921,Bradyrhizobium embrapense,"",1,630921,374,41294,Bacteria,0,0,0,-100,0.0,0.0,0.0,0.0,-0.3551168126653805,-0.1142251,1.0,26.424,-0.1142251,96.0,50.0,307.6526489,0.0,0.07143,42.9392395,-0.1142251
375,Bradyrhizobium japonicum,"",1,375,374,41294,Bacteria,0,0,0,-100,0.0,0.0,0.0,0.0,-0.40284061544166333,-0.1295757,1.0,26.424,-0.1295757,63.3,49.0,307.6526489,0.0,0.07143,44.0511665,-0.1295757
142585,Bradyrhizobium sp. C9,"",1,142585,374,41294,Bacteria,0,0,0,-100,0.0,0.0,0.0,0.0,-0.4115645586732326,-0.1323818,1.0,26.424,-0.1323818,100.0,49.0,307.6526489,0.0,0.07143,47.5248528,-0.1323818
2015559,Bradyrhizobium sp. PARBB1,"",1,2015559,374,41294,Bacteria,0,0,0,-100,0.0,0.0,0.0,0.0,-0.44824765028516933,-0.1441811,1.0,26.424,-0.1441811,100.0,50.0,307.6526489,0.0,0.07143,51.1301384,-0.1441811
29448,Bradyrhizobium elkanii,"",1,29448,374,41294,Bacteria,0,1.0,26.424,0.1992871,100.0,150.0,90.4814835,0.0,-1.6423335244217103,0.1992871,11.0,290.666,-0.0750004,90.9265,71.9091,113.3868103,0.0,0.78571,383.9135742,0.1992871
2057741,Bradyrhizobium sp. SK17,"",1,2057741,374,41294,Bacteria,0,32.0,845.576,-0.1810089,93.1941,181.625,80.4997025,0.0,-28.38528304287198,-0.1810089,2.0,52.848,-0.2526387,97.95,49.0,307.6526489,0.0,0.14286,539.7183838,-0.1810089
963,Herbaspirillum,"",2,-100,963,75682,Bacteria,0,2.0,52.848,1.2349244,89.05,141.5,63.411377,0.0,3736.872448924948,1.5789555,2.0,52.848,1.5789555,96.0,49.5,307.6526489,0.0,0.14286,8.3185263,1.5789555
95609,Herbaspirillum sp. B39,"",1,95609,963,75682,Bacteria,0,0,0,-100,0.0,0.0,0.0,0.0,3736.872448924948,89.5653079,1.0,26.424,89.5653079,98.0,49.0,307.6526489,0.0,0.07143,0.0876862,89.5653079
80842,Herbaspirillum rubrisubalbicans,"",1,80842,963,75682,Bacteria,0,2.0,52.848,20.0200818,89.05,141.5,63.411377,0.0,1306.5762980545117,20.0200818,0,0,-100,0.0,0.0,0.0,0.0,,,20.0200818
568783,Herbaspirillum aquaticum,"",1,568783,963,75682,Bacteria,0,0,0,-100,0.0,0.0,0.0,0.0,68.54136075713738,1.6427984,1.0,26.424,1.6427984,94.0,50.0,307.6526489,0.0,0.07143,3.7587051,1.6427984
1649511,Vibrionimonas,"",2,-100,1649511,563835,Bacteria,0,0,0,-100,0.0,0.0,0.0,0.0,3414.5558497840316,8.0380894,2.0,52.848,8.0380894,91.304,69.0,29.7121983,0.0,0.14286,1.8000309,8.0380894
669455,Vibrionimonas magnilacihabitans,"",1,669455,1649511,563835,Bacteria,0,0,0,-100,0.0,0.0,0.0,0.0,3414.5558497840316,8.0380894,2.0,52.848,8.0380894,91.304,69.0,29.7121983,0.0,0.14286,1.8000309,8.0380894
1395974,Tardiphaga,"",2,-100,1395974,41294,Bacteria,0,0,0,-100,0.0,0.0,0.0,0.0,3332.9198952,1.261323,1.0,26.424,1.261323,77.6,49.0,307.6526489,0.0,0.07143,5.3982224,1.261323
2135488,Tardiphaga sp. YR296,"",1,2135488,1395974,41294,Bacteria,0,0,0,-100,0.0,0.0,0.0,0.0,3332.9198952,100.0,1.0,26.424,100.0,77.6,49.0,307.6526489,0.0,0.07143,0.0,100.0
379,Rhizobium,"",2,-100,379,82115,Bacteria,0,0,0,-100,0.0,0.0,0.0,0.0,2623.3619466384002,0.5014117,3.0,79.272,0.5014117,100.0,49.3333,307.6526489,0.0,0.21429,33.3576317,0.5014117
1736577,Rhizobium sp. Root651,"",1,1736577,379,82115,Bacteria,0,0,0,-100,0.0,0.0,0.0,0.0,2623.3619466384002,99.0,2.0,52.848,99.0,100.0,49.5,307.6526489,0.0,0.14286,0.1558098,99.0
398,Rhizobium tropici,"",1,398,379,82115,Bacteria,0,0,0,-100,0.0,0.0,0.0,0.0,169.7636382321875,12.8130243,1.0,26.424,12.8130243,100.0,49.0,307.6526489,0.0,0.07143,0.6668397,12.8130243
335058,Pelomonas,"",2,-100,335058,80864,Bacteria,0,0,0,-100,0.0,0.0,0.0,0.0,2564.4818221,-0.194101,29.0,766.303,-0.194101,87.0539,49.1034,229.2767181,0.0,2.07143,2366.0483398,-0.194101
2135721,Pelomonas sp. BT06,"",1,2135721,335058,80864,Bacteria,0,0,0,-100,0.0,0.0,0.0,0.0,2564.4818221,100.0,5.0,132.121,100.0,74.1668,41.4,184.6803284,0.0,0.35714,0.0,100.0
2056841,Pelomonas sp. HMWF004,"",1,2056841,335058,80864,Bacteria,0,0,0,-100,0.0,0.0,0.0,0.0,1538.6774472000002,100.0,3.0,79.272,100.0,93.9393,75.0,132.1509705,0.0,0.21429,0.0,100.0
1736529,Pelomonas sp. Root405,"",1,1736529,335058,80864,Bacteria,0,0,0,-100,0.0,0.0,0.0,0.0,-0.1932086496900096,-0.0376704,1.0,26.424,-0.0376704,91.8,49.0,307.6526489,0.0,0.07143,30.4633026,-0.0376704
1736430,Pelomonas sp. Root1217,"",1,1736430,335058,80864,Bacteria,0,0,0,-100,0.0,0.0,0.0,0.0,-2.5978496610343105,-0.2532548,2.0,52.848,-0.2532548,90.0,50.0,307.6526489,0.0,0.14286,497.0933838,-0.2532548
1736434,Pelomonas sp. Root1237,"",1,1736434,335058,80864,Bacteria,0,0,0,-100,0.0,0.0,0.0,0.0,-3.7094712859038097,-0.2410818,3.0,79.272,-0.2410818,87.0,49.0,307.6526489,0.0,0.21429,522.5859375,-0.2410818
1736464,Pelomonas sp. Root1444,"",1,1736464,335058,80864,Bacteria,0,0,0,-100,0.0,0.0,0.0,0.0,-6.545479747068059,-0.2126969,6.0,158.545,-0.2126969,80.5943,35.0,204.9691162,0.0,0.42857,593.6549683,-0.2126969
431059,Pelomonas puraquae,"",1,431059,335058,80864,Bacteria,0,0,0,-100,0.0,0.0,0.0,0.0,-8.242862880772318,-0.1785688,9.0,237.818,-0.1785688,95.0604,54.0,250.3821869,0.0,0.64286,623.7911987,-0.1785688
466152,Singulisphaera,"",2,-100,466152,1763524,Bacteria,0,2.0,52.848,5.7397671,85.1,92.5,32.737606,0.0,2051.499504668347,5.7397671,0,0,-100,0.0,0.0,0.0,0.0,,,5.7397671
466153,Singulisphaera acidiphila,"",1,466153,466152,1763524,Bacteria,0,2.0,52.848,6.7631433,85.1,92.5,32.737606,0.0,2051.499504668347,6.7631433,0,0,-100,0.0,0.0,0.0,0.0,,,6.7631433
53387,Friedmanniella,"",2,-100,53387,85015,Bacteria,0,1.0,26.424,0.159921,83.8,136.0,50.7212448,0.0,1885.7323937811013,2.1881905,1.0,26.424,2.1881905,90.0,50.0,307.6526489,0.0,0.07143,1.8958702,2.1881905
1036181,Friedmanniella flava,"",1,1036181,53387,85015,Bacteria,0,0,0,-100,0.0,0.0,0.0,0.0,1885.7323937811013,32.6134222,1.0,26.424,32.6134222,90.0,50.0,307.6526489,0.0,0.07143,0.2340524,32.6134222
546871,Friedmanniella luteola,"",1,546871,53387,85015,Bacteria,0,1.0,26.424,0.1744076,83.8,136.0,50.7212448,0.0,0.7370033524166304,0.1744076,0,0,-100,0.0,0.0,0.0,0.0,,,0.1744076
45234,Cordyceps,"",2,-100,45234,474943,Eukaryota,0,0,0,-100,0.0,0.0,0.0,0.0,1873.2219295649807,3.6178749,1.0,26.424,3.6178749,54.0,50.0,307.6526489,0.0,0.07143,1.5696796,3.6178749
114497,Cordyceps fumosorosea,"",1,114497,45234,474943,Eukaryota,0,0,0,-100,0.0,0.0,0.0,0.0,1873.2219295649807,19.5946327,1.0,26.424,19.5946327,54.0,50.0,307.6526489,0.0,0.07143,0.2003585,19.5946327
281915,Curvibacter,"",2,-100,281915,80864,Bacteria,0,2.0,52.848,3.3201134,80.695,259.0,48.5951653,0.0,1851.6009680734735,3.3201134,4.0,105.697,0.2070837,46.128,51.5,11.2850428,0.0,0.28571,71.7321091,3.3201134
667019,Curvibacter putative symbiont of Hydra magnipapillata,"",1,667019,281915,80864,Bacteria,0,2.0,52.848,10.5527567,80.695,259.0,48.5951653,0.0,1851.6009680734735,10.5527567,0,0,-100,0.0,0.0,0.0,0.0,,,10.5527567
80879,Curvibacter delicatus,"",1,80879,281915,80864,Bacteria,0,0,0,-100,0.0,0.0,0.0,0.0,457.298991132019,20.8925604,4.0,105.697,20.8925604,46.128,51.5,11.2850428,0.0,0.28571,1.5241424,20.8925604
-200,All taxa with neither family nor genus classification,,2,-100,-200,-300,Uncategorized,0,56.0,1479.759,0.2555844,95.9324,252.982,123.0340118,0.0,1726.3940716799998,0.2555844,16.0,422.788,-0.0710872,88.375,48.3125,307.6526489,0.0,1.14286,518.2056274,0.2555844
1739631,Linepithema humile virus 1,"",1,1739631,-200,-300,Viruses,0,2.0,52.848,100.0,98.7,150.0,87.7447281,0.0,1726.3940716799998,100.0,2.0,52.848,100.0,100.0,50.0,307.6526489,0.0,0.14286,0.0,100.0
260559,uncultured Streptophyta,"",1,260559,-200,-300,Eukaryota,0,2.0,52.848,99.0,100.0,149.0,89.8003387,0.0,1337.2053127487998,99.0,0,0,-100,0.0,0.0,0.0,0.0,,,99.0
411917,uncultured Planctomycetia bacterium,"",1,411917,-200,-300,Bacteria,0,1.0,26.424,99.0,96.6,148.0,82.2596359,0.0,668.6026563743999,99.0,0,0,-100,0.0,0.0,0.0,0.0,,,99.0
2053527,candidate division Zixibacteria bacterium,"",1,2053527,-200,-300,Bacteria,0,0,0,-100,0.0,0.0,0.0,0.0,375.68163455999996,100.0,2.0,52.848,100.0,72.85,44.5,307.6526489,0.0,0.14286,0.0,100.0
1798568,Legionellales bacterium RIFCSPHIGHO2_12_FULL_37_14,"",1,1798568,-200,-300,Bacteria,0,0,0,-100,0.0,0.0,0.0,0.0,371.9248182144,99.0,2.0,52.848,99.0,88.9,49.5,307.6526489,0.0,0.14286,0.0099126,99.0
1797322,Bacteroidetes bacterium GWB2_41_8,"",1,1797322,-200,-300,Bacteria,0,0,0,-100,0.0,0.0,0.0,0.0,185.9624091072,99.0,1.0,26.424,99.0,94.0,50.0,307.6526489,0.0,0.07143,0.0359251,99.0
1978231,Acidobacteria bacterium,"",1,1978231,-200,-300,Bacteria,0,0,0,-100,0.0,0.0,0.0,0.0,185.9624091072,99.0,1.0,26.424,99.0,66.0,47.0,307.6526489,0.0,0.07143,0.0192089,99.0
77133,uncultured bacterium,"",1,77133,-200,-300,Bacteria,0,44.0,1162.667,0.3110973,95.8237,277.364,134.071106,0.0,91.88126061358118,0.3110973,1.0,26.424,-0.3003992,100.0,49.0,307.6526489,0.0,0.07143,59.0300446,0.3110973
152507,uncultured actinobacterium,"",1,152507,-200,-300,Bacteria,0,2.0,52.848,4.6654081,100.0,150.0,90.4814835,0.0,63.01624744910387,4.6654081,0,0,-100,0.0,0.0,0.0,0.0,,,4.6654081
1768115,bacterium F082,"",1,1768115,-200,-300,Bacteria,0,0,0,-100,0.0,0.0,0.0,0.0,54.40179273198125,28.9616461,1.0,26.424,28.9616461,73.9,46.0,307.6526489,0.0,0.07143,0.3744749,28.9616461
1977087,Proteobacteria bacterium,"",1,1977087,-200,-300,Bacteria,0,0,0,-100,0.0,0.0,0.0,0.0,40.322406488445694,21.4662644,1.0,26.424,21.4662644,91.7,48.0,307.6526489,0.0,0.07143,0.3670005,21.4662644
1156560,Ichthyosporea sp. ex Tenebrio molitor,"",1,1156560,-200,-300,Eukaryota,0,2.0,52.848,1.2691144,100.0,149.5,90.1386795,0.0,17.142086042080866,1.2691144,0,0,-100,0.0,0.0,0.0,0.0,,,1.2691144
1703405,Gammaproteobacteria bacterium SG8_31,"",1,1703405,-200,-300,Bacteria,0,0,0,-100,0.0,0.0,0.0,0.0,16.35678390302611,8.70779,1.0,26.424,8.70779,85.7,49.0,307.6526489,0.0,0.07143,0.8511947,8.70779
1970574,Sphingobacteriia bacterium 32-37-4,"",1,1970574,-200,-300,Bacteria,0,0,0,-100,0.0,0.0,0.0,0.0,13.367140261091667,7.1162064,1.0,26.424,7.1162064,79.2,48.0,307.6526489,0.0,0.07143,1.0088043,7.1162064
1895841,Sphingobacteriales bacterium 50-39,"",1,1895841,-200,-300,Bacteria,0,0,0,-100,0.0,0.0,0.0,0.0,8.895007674889332,2.3676983,2.0,52.848,2.3676983,100.0,49.5,307.6526489,0.0,0.14286,6.0275655,2.3676983
413882,[Polyangium] brachysporum,"",1,413882,-200,-300,Bacteria,0,2.0,52.848,0.0822707,85.887,248.0,68.6497498,0.0,1.1112405770056837,0.0822707,0,0,-100,0.0,0.0,0.0,0.0,,,0.0822707
1895811,Rhizobiales bacterium 62-47,"",1,1895811,-200,-300,Bacteria,0,0,0,-100,0.0,0.0,0.0,0.0,1.0815044002570025,0.5757558,1.0,26.424,0.5757558,100.0,49.0,307.6526489,0.0,0.07143,9.2534904,0.5757558
175245,uncultured fungus,"",1,175245,-200,-300,Eukaryota,0,1.0,26.424,-0.1519819,90.2,122.0,54.886055,0.0,-1.0264192127356406,-0.1519819,0,0,-100,0.0,0.0,0.0,0.0,,,-0.1519819
3337,Pinus,"",2,-100,3337,3318,Eukaryota,0,1.0,26.424,6.7429733,86.0,150.0,61.6777802,0.0,1400.157574175907,6.7429733,0,0,-100,0.0,0.0,0.0,0.0,,,6.7429733
3352,Pinus taeda,loblolly pine,1,3352,3337,3318,Eukaryota,0,1.0,26.424,7.8582694,86.0,150.0,61.6777802,0.0,1400.157574175907,7.8582694,0,0,-100,0.0,0.0,0.0,0.0,,,7.8582694
586,Providencia,"",2,-100,586,1903414,Bacteria,0,0,0,-100,0.0,0.0,0.0,0.0,1220.7881423002875,1.852989,1.0,26.424,1.852989,95.9,49.0,307.6526489,0.0,0.07143,5.6306515,1.852989
587,Providencia rettgeri,"",1,587,586,1903414,Bacteria,0,0,0,-100,0.0,0.0,0.0,0.0,1220.7881423002875,24.9326764,1.0,26.424,24.9326764,95.9,49.0,307.6526489,0.0,0.07143,0.4856865,24.9326764
283,Comamonas,"",2,-100,283,80864,Bacteria,0,4.0,105.697,0.4349856,99.795,197.0,106.8087845,0.0,1149.4059494399999,0.4349856,0,0,-100,0.0,0.0,0.0,0.0,,,0.4349856
363952,Comamonas thiooxydans,"",1,363952,283,80864,Bacteria,0,1.0,26.424,100.0,100.0,150.0,90.4814835,0.0,1149.4059494399999,100.0,0,0,-100,0.0,0.0,0.0,0.0,,,100.0
285,Comamonas testosteroni,"",1,285,283,80864,Bacteria,0,3.0,79.272,0.5972096,99.7267,212.667,112.2512207,0.0,20.59308801908048,0.5972096,0,0,-100,0.0,0.0,0.0,0.0,,,0.5972096
165696,Novosphingobium,"",2,-100,165696,41297,Bacteria,0,0,0,-100,0.0,0.0,0.0,0.0,1136.4502902964482,0.720343,2.0,52.848,0.720343,98.0,49.5,307.6526489,0.0,0.14286,19.6945343,0.720343
1630648,Novosphingobium sp. MD-1,"",1,1630648,165696,41297,Bacteria,0,0,0,-100,0.0,0.0,0.0,0.0,1136.4502902964482,29.8526265,2.0,52.848,29.8526265,98.0,49.5,307.6526489,0.0,0.14286,0.4875871,29.8526265
36086,Trichuris,"",2,-100,36086,119093,Eukaryota,0,0,0,-100,0.0,0.0,0.0,0.0,1071.7628528697762,4.5028379,2.0,52.848,4.5028379,76.744,43.0,14.4698,0.0,0.14286,3.7488134,4.5028379
36087,Trichuris trichiura,human whipworm,1,36087,36086,119093,Eukaryota,0,0,0,-100,0.0,0.0,0.0,0.0,1071.7628528697762,4.5038491,2.0,52.848,4.5038491,76.744,43.0,14.4698,0.0,0.14286,3.7435179,4.5038491
724,Haemophilus,"",2,-100,724,712,Bacteria,0,1.0,26.424,0.3694623,99.3,150.0,89.1135101,0.0,976.26718152,0.3694623,0,0,-100,0.0,0.0,0.0,0.0,,,0.3694623
358106,Haemophilus sp. oral clone ASCB01,"",1,358106,724,712,Bacteria,0,1.0,26.424,100.0,99.3,150.0,89.1135101,0.0,976.26718152,100.0,0,0,-100,0.0,0.0,0.0,0.0,,,100.0
1839,Nocardioides,"",2,-100,1839,85015,Bacteria,0,2.0,52.848,1.9813716,94.7,150.0,79.5086365,0.0,808.5873904869821,1.9813716,0,0,-100,0.0,0.0,0.0,0.0,,,1.9813716
450734,Nocardioides dokdonensis,"",1,450734,1839,85015,Bacteria,0,2.0,52.848,7.7220476,94.7,150.0,79.5086365,0.0,808.5873904869821,7.7220476,0,0,-100,0.0,0.0,0.0,0.0,,,7.7220476
1298,Deinococcus,"",2,-100,1298,183710,Bacteria,0,3.0,79.272,0.9035811,95.8127,194.667,86.6201248,0.0,754.0582318699759,1.6119759,2.0,52.848,1.6119759,100.0,87.0,54.1232033,0.0,0.14286,8.4687357,1.6119759
309887,Deinococcus maricopensis,"",1,309887,1298,183710,Bacteria,0,1.0,26.424,31.5819678,96.1,76.0,35.886055,0.0,754.0582318699759,31.5819678,0,0,-100,0.0,0.0,0.0,0.0,,,31.5819678
1768108,Deinococcus actinosclerus,"",1,1768108,1298,183710,Bacteria,0,2.0,52.848,13.3094653,95.669,254.0,111.9871597,0.0,635.5596291408286,13.3094653,0,0,-100,0.0,0.0,0.0,0.0,,,13.3094653
223556,Deinococcus indicus,"",1,223556,1298,183710,Bacteria,0,0,0,-100,0.0,0.0,0.0,0.0,603.304552774345,7.0818953,2.0,52.848,7.0818953,100.0,87.0,54.1232033,0.0,0.14286,1.1895448,7.0818953
504481,Sediminibacterium,"",2,-100,504481,563835,Bacteria,0,0,0,-100,0.0,0.0,0.0,0.0,732.2057284385487,1.2750955,3.0,79.272,1.2750955,81.9213,62.0,125.9272156,0.0,0.21429,14.540308,1.2750955
426421,Sediminibacterium salmoneum,"",1,426421,504481,563835,Bacteria,0,0,0,-100,0.0,0.0,0.0,0.0,732.2057284385487,7.2438691,3.0,79.272,7.2438691,81.9213,62.0,125.9272156,0.0,0.21429,3.1529515,7.2438691
1827,Rhodococcus,"",2,-100,1827,85025,Bacteria,0,9.0,237.818,0.5717103,99.9222,150.0,90.3294907,0.0,681.7455667118999,0.8271473,11.0,290.666,0.8271473,95.7273,47.9091,307.6526489,0.0,0.78571,91.8457642,0.8271473
1829,Rhodococcus rhodochrous,"",1,1829,1827,85025,Bacteria,0,0,0,-100,0.0,0.0,0.0,0.0,681.7455667118999,31.1918336,1.0,26.424,31.1918336,76.6,47.0,307.6526489,0.0,0.07143,0.3016247,31.1918336
1617904,Rhodococcus sp. 311R,"",1,1617904,1827,85025,Bacteria,0,0,0,-100,0.0,0.0,0.0,0.0,516.6664971854977,23.6389882,1.0,26.424,23.6389882,78.4,37.0,307.6526489,0.0,0.07143,0.3125241,23.6389882
1882769,Rhodococcus sp. OK302,"",1,1882769,1827,85025,Bacteria,0,0,0,-100,0.0,0.0,0.0,0.0,447.98262105378734,20.496502,1.0,26.424,20.496502,100.0,49.0,307.6526489,0.0,0.07143,0.3833688,20.496502
1384060,Rhodococcus sp. P27,"",1,1384060,1827,85025,Bacteria,0,0,0,-100,0.0,0.0,0.0,0.0,363.52289087473577,16.6322248,1.0,26.424,16.6322248,100.0,49.0,307.6526489,0.0,0.07143,0.46927,16.6322248
334542,Rhodococcus qingshengii,"",1,334542,1827,85025,Bacteria,0,1.0,26.424,0.0723913,100.0,150.0,90.4814835,0.0,188.8191943743085,2.8629964,3.0,79.272,2.8629964,99.3333,49.0,307.6526489,0.0,0.21429,7.6553035,2.8629964
1807790,Rhodococcus sp. BH4,"",1,1807790,1827,85025,Bacteria,0,3.0,79.272,1.480841,99.7667,150.0,90.0254974,0.0,67.11263061486426,1.480841,0,0,-100,0.0,0.0,0.0,0.0,,,1.480841
1833,Rhodococcus erythropolis,"",1,1833,1827,85025,Bacteria,0,1.0,26.424,0.5127214,100.0,150.0,90.4814835,0.0,51.59641522633295,0.5127214,4.0,105.697,0.5015705,100.0,49.5,307.6526489,0.0,0.28571,39.743618,0.5127214
1045808,Rhodococcus sp. YL-1,"",1,1045808,1827,85025,Bacteria,0,2.0,52.848,0.7890912,100.0,150.0,90.4814835,0.0,23.841401035870817,0.7890912,0,0,-100,0.0,0.0,0.0,0.0,,,0.7890912
1723645,Rhodococcus sp. 008,"",1,1723645,1827,85025,Bacteria,0,2.0,52.848,0.6319367,100.0,150.0,90.4814835,0.0,19.093174900423154,0.6319367,0,0,-100,0.0,0.0,0.0,0.0,,,0.6319367
1546255,Mumia,"",2,-100,1546255,85015,Bacteria,0,0,0,-100,0.0,0.0,0.0,0.0,508.5899621093733,4.3871715,1.0,26.424,4.3871715,100.0,49.0,307.6526489,0.0,0.07143,1.8444469,4.3871715
1348852,Mumia flava,"",1,1348852,1546255,85015,Bacteria,0,0,0,-100,0.0,0.0,0.0,0.0,508.5899621093733,4.3871715,1.0,26.424,4.3871715,100.0,49.0,307.6526489,0.0,0.07143,1.8444469,4.3871715
165695,Sphingobium,"",2,-100,165695,41297,Bacteria,0,2.0,52.848,0.3367878,87.963,216.0,65.8507843,0.0,468.8724893461138,0.4066474,2.0,52.848,0.4066474,95.775,71.0,41.879425,0.0,0.14286,26.0111732,0.4066474
627192,Sphingobium sp. SYK-6,"",1,627192,165695,41297,Bacteria,0,2.0,52.848,13.9108795,87.963,216.0,65.8507843,0.0,468.8724893461138,13.9108795,2.0,52.848,10.296588,95.775,71.0,41.879425,0.0,0.14286,1.0711304,13.9108795
286,Pseudomonas,"",2,-100,286,135621,Bacteria,0,4.0,105.697,-0.3350922,94.55,134.25,71.153183,0.0,449.53847175600004,-0.1718435,6.0,158.545,-0.1718435,90.4333,46.3333,307.6526489,0.0,0.42857,252.5021057,-0.1718435
1702250,Pseudomonas sp. IB20,"",1,1702250,286,135621,Bacteria,0,0,0,-100,0.0,0.0,0.0,0.0,449.53847175600004,99.0,1.0,26.424,99.0,100.0,44.0,307.6526489,0.0,0.07143,0.0714549,99.0
29442,Pseudomonas tolaasii,"",1,29442,286,135621,Bacteria,0,2.0,52.848,24.7649588,89.1,118.5,51.8248749,0.0,438.56148117353746,24.7649588,0,0,-100,0.0,0.0,0.0,0.0,,,24.7649588
29438,Pseudomonas savastanoi,"",1,29438,286,135621,Bacteria,0,0,0,-100,0.0,0.0,0.0,0.0,10.180650545614634,1.1210213,2.0,52.848,1.1210213,71.3,43.5,307.6526489,0.0,0.14286,13.1745138,1.1210213
287,Pseudomonas aeruginosa,"",1,287,286,135621,Bacteria,0,2.0,52.848,-0.1130213,100.0,150.0,90.4814835,0.0,-0.22757052841769432,0.1302209,3.0,79.272,0.1302209,100.0,49.0,307.6526489,0.0,0.21429,59.495697,0.1302209
212791,Enhydrobacter,"",2,-100,212791,-300,Bacteria,0,0,0,-100,0.0,0.0,0.0,0.0,377.45684896251805,3.5142067,1.0,26.424,3.5142067,100.0,49.0,307.6526489,0.0,0.07143,2.7480755,3.5142067
225324,Enhydrobacter aerosaccus,"",1,225324,212791,-300,Bacteria,0,0,0,-100,0.0,0.0,0.0,0.0,377.45684896251805,4.0648212,1.0,26.424,4.0648212,100.0,49.0,307.6526489,0.0,0.07143,2.3749638,4.0648212
1243,Leuconostoc,"",2,-100,1243,81850,Bacteria,0,2.0,52.848,2.3224643,100.0,150.0,90.4814835,0.0,360.81710355572443,2.3224643,0,0,-100,0.0,0.0,0.0,0.0,,,2.3224643
33964,Leuconostoc citreum,"",1,33964,1243,81850,Bacteria,0,2.0,52.848,2.939744,100.0,150.0,90.4814835,0.0,360.81710355572443,2.939744,0,0,-100,0.0,0.0,0.0,0.0,,,2.939744
3820,Cajanus,"",2,-100,3820,3803,Eukaryota,0,0,0,-100,0.0,0.0,0.0,0.0,330.0893637355152,3.5344104,1.0,26.424,3.5344104,93.5,31.0,307.6526489,0.0,0.07143,2.8438265,3.5344104
3821,Cajanus cajan,pigeon pea,1,3821,3820,3803,Eukaryota,0,0,0,-100,0.0,0.0,0.0,0.0,330.0893637355152,3.5344024,1.0,26.424,3.5344024,93.5,31.0,307.6526489,0.0,0.07143,2.8436894,3.5344024
1288022,Handroanthus,"",2,-100,1288022,24079,Eukaryota,0,0,0,-100,0.0,0.0,0.0,0.0,326.4741124547274,3.5149981,1.0,26.424,3.5149981,91.8,49.0,307.6526489,0.0,0.07143,1.3041091,3.5149981
429701,Handroanthus impetiginosus,"",1,429701,1288022,24079,Eukaryota,0,0,0,-100,0.0,0.0,0.0,0.0,326.4741124547274,3.5149981,1.0,26.424,3.5149981,91.8,49.0,307.6526489,0.0,0.07143,1.3041091,3.5149981
165779,Anaerococcus,"",2,-100,165779,1570339,Bacteria,0,2.0,52.848,1.5219684,90.3,149.5,70.2407455,0.0,297.476170588745,1.5219684,0,0,-100,0.0,0.0,0.0,0.0,,,1.5219684
33034,Anaerococcus prevotii,"",1,33034,165779,1570339,Bacteria,0,2.0,52.848,3.698435,90.3,149.5,70.2407455,0.0,297.476170588745,3.698435,0,0,-100,0.0,0.0,0.0,0.0,,,3.698435
3898,Trifolium,"",2,-100,3898,3803,Eukaryota,0,0,0,-100,0.0,0.0,0.0,0.0,269.1569169987712,3.0656763,1.0,26.424,3.0656763,91.3,23.0,307.6526489,0.0,0.07143,2.9183097,3.0656763
57577,Trifolium pratense,"",1,57577,3898,3803,Eukaryota,0,0,0,-100,0.0,0.0,0.0,0.0,269.1569169987712,3.3226201,1.0,26.424,3.3226201,91.3,23.0,307.6526489,0.0,0.07143,2.6016552,3.3226201
59732,Chryseobacterium,"",2,-100,59732,49546,Bacteria,0,2.0,52.848,0.0351792,82.4,145.0,52.0689354,0.0,259.1901172872,0.0351792,1.0,26.424,-0.0990797,94.0,50.0,307.6526489,0.0,0.07143,36.8369446,0.0351792
1324352,Chryseobacterium gallinarum,"",1,1324352,59732,49546,Bacteria,0,0,0,-100,0.0,0.0,0.0,0.0,259.1901172872,99.0,1.0,26.424,99.0,94.0,50.0,307.6526489,0.0,0.07143,0.0694364,99.0
2015076,Chryseobacterium sp. T16E-39,"",1,2015076,59732,49546,Bacteria,0,2.0,52.848,3.6924916,82.4,145.0,52.0689354,0.0,6.864897093344962,3.6924916,0,0,-100,0.0,0.0,0.0,0.0,,,3.6924916
31988,Aminobacter,"",2,-100,31988,69277,Bacteria,0,0,0,-100,0.0,0.0,0.0,0.0,239.74013145192993,2.8209658,1.0,26.424,2.8209658,62.2,37.0,307.6526489,0.0,0.07143,2.6228008,2.8209658
83263,Aminobacter aminovorans,"",1,83263,31988,69277,Bacteria,0,0,0,-100,0.0,0.0,0.0,0.0,239.74013145192993,3.2162097,1.0,26.424,3.2162097,62.2,37.0,307.6526489,0.0,0.07143,2.2896879,3.2162097
1111,Porphyrobacter,"",2,-100,1111,335929,Bacteria,0,1.0,26.424,1.5602656,87.3,118.0,48.0506096,0.0,172.52125024747957,1.5602656,0,0,-100,0.0,0.0,0.0,0.0,,,1.5602656
2003315,Porphyrobacter sp. CACIAM 03H1,"",1,2003315,1111,335929,Bacteria,0,1.0,26.424,4.1845186,87.3,118.0,48.0506096,0.0,172.52125024747957,4.1845186,0,0,-100,0.0,0.0,0.0,0.0,,,4.1845186
68287,Mesorhizobium,"",2,-100,68287,69277,Bacteria,0,0,0,-100,0.0,0.0,0.0,0.0,167.62891849288516,-0.1182449,1.0,26.424,-0.1182449,67.4,43.0,307.6526489,0.0,0.07143,40.4876747,-0.1182449
1854057,Mesorhizobium sp. AA22,"",1,1854057,68287,69277,Bacteria,0,0,0,-100,0.0,0.0,0.0,0.0,167.62891849288516,53.6497823,1.0,26.424,53.6497823,67.4,43.0,307.6526489,0.0,0.07143,0.1377743,53.6497823
5598,Alternaria,"",2,-100,5598,28556,Eukaryota,0,6.0,158.545,0.6297775,88.726,286.167,88.1556625,0.0,167.08654540730765,0.6297775,0,0,-100,0.0,0.0,0.0,0.0,,,0.6297775
48100,Alternaria solani,"",1,48100,5598,28556,Eukaryota,0,6.0,158.545,1.6734078,88.726,286.167,88.1556625,0.0,167.08654540730765,1.6734078,0,0,-100,0.0,0.0,0.0,0.0,,,1.6734078
12916,Acidovorax,"",2,-100,12916,80864,Bacteria,0,2.0,52.848,-0.281405,99.35,150.0,89.1131058,0.0,147.47855867829207,-0.281405,1.0,26.424,-0.2848246,100.0,49.0,307.6526489,0.0,0.07143,130.5637512,-0.281405
553814,Acidovorax carolinensis,"",1,553814,12916,80864,Bacteria,0,0,0,-100,0.0,0.0,0.0,0.0,147.47855867829207,19.5953411,1.0,26.424,19.5953411,100.0,49.0,307.6526489,0.0,0.07143,0.4857484,19.5953411
1858609,Acidovorax sp. T1,"",1,1858609,12916,80864,Bacteria,0,2.0,52.848,1.2722835,99.35,150.0,89.1131058,0.0,18.92100763620324,1.2722835,0,0,-100,0.0,0.0,0.0,0.0,,,1.2722835
261933,Pleomorphomonas,"",2,-100,261933,31993,Bacteria,0,0,0,-100,0.0,0.0,0.0,0.0,129.88750018439785,2.0851486,1.0,26.424,2.0851486,100.0,49.0,307.6526489,0.0,0.07143,4.4840755,2.0851486
442121,uncultured Pleomorphomonas sp.,"",1,442121,261933,31993,Bacteria,0,0,0,-100,0.0,0.0,0.0,0.0,129.88750018439785,2.3573919,1.0,26.424,2.3573919,100.0,49.0,307.6526489,0.0,0.07143,4.010931,2.3573919
1279,Staphylococcus,"",2,-100,1279,90964,Bacteria,0,4.0,105.697,-0.097329,100.0,133.0,78.8839951,0.0,123.3206948439756,0.4884979,12.0,317.091,0.4884979,82.2721,42.0833,186.412262,0.0,0.85714,137.4212952,0.4884979
1280,Staphylococcus aureus,"",1,1280,1279,90964,Bacteria,0,2.0,52.848,1.3144781,100.0,150.0,90.4814835,0.0,123.3206948439756,1.3144781,10.0,264.242,0.9029903,79.4365,42.7,162.1641846,0.0,0.71429,71.8808441,1.3144781
1282,Staphylococcus epidermidis,"",1,1282,1279,90964,Bacteria,0,2.0,52.848,0.0504918,100.0,116.0,67.286499,0.0,23.159164886517566,0.8870209,2.0,52.848,0.8870209,96.45,39.0,307.6526489,0.0,0.14286,16.7702351,0.8870209
338,Xanthomonas,"",2,-100,338,32033,Bacteria,0,4.0,105.697,0.7739964,98.75,95.0,50.1083336,0.0,115.46766642632164,0.7739964,2.0,52.848,0.0393046,100.0,49.0,307.6526489,0.0,0.14286,47.8706627,0.7739964
339,Xanthomonas campestris,"",1,339,338,32033,Bacteria,0,4.0,105.697,1.3882119,98.75,95.0,50.1083336,0.0,115.46766642632164,1.3882119,2.0,52.848,0.9143711,100.0,49.0,307.6526489,0.0,0.14286,9.6200218,1.3882119
40323,Stenotrophomonas,"",2,-100,40323,32033,Bacteria,0,10.0,264.242,0.423547,96.7498,180.4,85.1338806,0.0,82.78856401728615,0.423547,5.0,132.121,0.1093083,100.0,56.0,206.9922943,0.0,0.35714,100.4072342,0.423547
1904944,Stenotrophomonas sp. LM091,"",1,1904944,40323,32033,Bacteria,0,2.0,52.848,3.698624,85.769,260.0,70.3001633,0.0,82.78856401728615,3.698624,0,0,-100,0.0,0.0,0.0,0.0,,,3.698624
40324,Stenotrophomonas maltophilia,"",1,40324,40323,32033,Bacteria,0,8.0,211.394,0.3424489,99.495,160.5,88.842308,0.0,32.567881316094244,0.3424489,5.0,132.121,0.1320197,100.0,56.0,206.9922943,0.0,0.35714,95.5477219,0.3424489
55193,Malassezia,"",2,-100,55193,742845,Eukaryota,0,2.0,52.848,-0.0442559,99.35,150.0,89.1131058,0.0,81.23824813260386,0.1309123,2.0,52.848,0.1309123,100.0,49.0,307.6526489,0.0,0.14286,38.4652214,0.1309123
76775,Malassezia restricta,"",1,76775,55193,742845,Eukaryota,0,2.0,52.848,2.6523283,99.35,150.0,89.1131058,0.0,81.23824813260386,10.8456161,2.0,52.848,10.8456161,100.0,49.0,307.6526489,0.0,0.14286,1.2213912,10.8456161
212743,Rhizobacter,"",2,-100,212743,-300,Bacteria,0,1.0,26.424,-0.1990402,94.6,148.0,78.1426697,0.0,74.57131455500738,0.4981613,2.0,52.848,0.4981613,95.45,38.5,307.6526489,0.0,0.14286,19.5449505,0.4981613
946333,Rhizobacter gummiphilus,"",1,946333,212743,-300,Bacteria,0,1.0,26.424,-0.1990292,94.6,148.0,78.1426697,0.0,74.57131455500738,2.8722828,2.0,52.848,2.8722828,95.45,38.5,307.6526489,0.0,0.14286,4.9529171,2.8722828
110932,Leifsonia,"",2,-100,110932,85023,Bacteria,0,1.0,26.424,0.3923153,87.2,148.0,63.0457573,0.0,61.234079371910056,0.5300663,2.0,52.848,0.5300663,99.0,39.5,307.6526489,0.0,0.14286,19.5793781,0.5300663
1736341,Leifsonia sp. Leaf336,"",1,1736341,110932,85023,Bacteria,0,0,0,-100,0.0,0.0,0.0,0.0,61.234079371910056,2.1859209,2.0,52.848,2.1859209,99.0,39.5,307.6526489,0.0,0.14286,6.2218828,2.1859209
1798223,Leifsonia sp. 21MFCrub1.1,"",1,1798223,110932,85023,Bacteria,0,1.0,26.424,2.8241495,87.2,148.0,63.0457573,0.0,29.276657309506135,2.8241495,0,0,-100,0.0,0.0,0.0,0.0,,,2.8241495
1743,Propionibacterium,"",2,-100,1743,31957,Bacteria,0,0,0,-100,0.0,0.0,0.0,0.0,59.996437055048574,0.8355918,2.0,52.848,0.8355918,94.1,34.0,307.6526489,0.0,0.14286,19.5367603,0.8355918
1744,Propionibacterium freudenreichii,"",1,1744,1743,31957,Bacteria,0,0,0,-100,0.0,0.0,0.0,0.0,59.996437055048574,1.3586348,2.0,52.848,1.3586348,94.1,34.0,307.6526489,0.0,0.14286,12.6237793,1.3586348
2701,Gardnerella,"",2,-100,2701,31953,Bacteria,0,1.0,26.424,0.9002562,99.3,150.0,89.1135101,0.0,45.31347208111822,0.9398413,1.0,26.424,0.9398413,95.2,42.0,307.6526489,0.0,0.07143,7.9578962,0.9398413
2702,Gardnerella vaginalis,"",1,2702,2701,31953,Bacteria,0,1.0,26.424,0.9064653,99.3,150.0,89.1135101,0.0,45.31347208111822,0.9563417,1.0,26.424,0.9563417,95.2,42.0,307.6526489,0.0,0.07143,7.8741117,0.9563417
590,Salmonella,"",2,-100,590,543,Bacteria,0,0,0,-100,0.0,0.0,0.0,0.0,43.8981804224167,0.910895,2.0,52.848,0.910895,91.9,43.5,307.6526489,0.0,0.14286,20.6663857,0.910895
28901,Salmonella enterica,"",1,28901,590,543,Bacteria,0,0,0,-100,0.0,0.0,0.0,0.0,43.8981804224167,0.9119051,2.0,52.848,0.9119051,91.9,43.5,307.6526489,0.0,0.14286,20.6480427,0.9119051
-200119060,Non-genus-specific reads in family Burkholderiaceae,,2,-100,-200119060,119060,Bacteria,0,0,0,-100,0.0,0.0,0.0,0.0,40.231630656051266,0.666839,1.0,26.424,0.666839,95.9,49.0,307.6526489,0.0,0.07143,8.4214296,0.666839
1619952,Burkholderiaceae bacterium 16,"",1,1619952,-200119060,119060,Bacteria,0,0,0,-100,0.0,0.0,0.0,0.0,40.231630656051266,2.2832217,1.0,26.424,2.2832217,95.9,49.0,307.6526489,0.0,0.07143,2.8850744,2.2832217
106589,Cupriavidus,"",2,-100,106589,119060,Bacteria,0,4.0,105.697,-0.033968,96.8,148.25,82.7680664,0.0,37.09095191992247,0.065748,5.0,132.121,0.065748,89.4666,42.2,246.0084839,0.0,0.35714,108.1697693,0.065748
68895,Cupriavidus basilensis,"",1,68895,106589,119060,Bacteria,0,4.0,105.697,3.9666043,96.8,148.25,82.7680664,0.0,37.09095191992247,3.9666043,4.0,105.697,3.2880106,86.8333,40.5,230.5974426,0.0,0.28571,8.2167006,3.9666043
1539142,Cupriavidus sp. IDO,"",1,1539142,106589,119060,Bacteria,0,0,0,-100,0.0,0.0,0.0,0.0,7.068739627409817,4.0687488,1.0,26.424,4.0687488,100.0,49.0,307.6526489,0.0,0.07143,1.6820904,4.0687488
13687,Sphingomonas,"",2,-100,13687,41297,Bacteria,0,0,0,-100,0.0,0.0,0.0,0.0,32.49367900256652,-0.0589802,6.0,158.545,-0.0589802,82.5547,48.8333,215.783371,0.0,0.42857,193.050827,-0.0589802
330920,Sphingomonas azotifigens,"",1,330920,13687,41297,Bacteria,0,0,0,-100,0.0,0.0,0.0,0.0,32.49367900256652,20.8494251,1.0,26.424,20.8494251,67.3,49.0,307.6526489,0.0,0.07143,0.4448672,20.8494251
1881068,Sphingomonas sp. OV641,"",1,1881068,13687,41297,Bacteria,0,0,0,-100,0.0,0.0,0.0,0.0,23.520419943873474,7.5458866,2.0,52.848,7.5458866,96.364,55.0,32.0447922,0.0,0.14286,1.7232536,7.5458866
1470591,Sphingomonas sp. RIT328,"",1,1470591,13687,41297,Bacteria,0,0,0,-100,0.0,0.0,0.0,0.0,18.09132796993258,11.6082204,1.0,26.424,11.6082204,66.7,39.0,307.6526489,0.0,0.07143,0.7729155,11.6082204
1642949,Sphingomonas sp. Ag1,"",1,1642949,13687,41297,Bacteria,0,0,0,-100,0.0,0.0,0.0,0.0,4.453488569475654,1.4287806,2.0,52.848,1.4287806,84.3,47.5,307.6526489,0.0,0.14286,4.6214223,1.4287806
46913,Devosia,"",2,-100,46913,45401,Bacteria,0,2.0,52.848,0.6068812,100.0,150.0,90.4814835,0.0,21.85053563119027,0.6068812,0,0,-100,0.0,0.0,0.0,0.0,,,0.6068812
1643450,Devosia sp. H5989,"",1,1643450,46913,45401,Bacteria,0,2.0,52.848,0.6812866,100.0,150.0,90.4814835,0.0,21.85053563119027,0.6812866,0,0,-100,0.0,0.0,0.0,0.0,,,0.6812866
48736,Ralstonia,"",2,-100,48736,119060,Bacteria,0,14.0,369.939,-0.2555946,97.8,146.714,83.8296509,0.0,21.53017733033695,-0.2314695,14.0,369.939,-0.2314695,100.0,47.7143,307.6526489,0.0,1.0,1209.6275635,-0.2314695
1380362,Ralstonia sp. UNC404CL21Col,"",1,1380362,48736,119060,Bacteria,0,0,0,-100,0.0,0.0,0.0,0.0,21.53017733033695,3.5201022,1.0,26.424,3.5201022,100.0,49.0,307.6526489,0.0,0.07143,2.0585961,3.5201022
1235457,Ralstonia sp. AU12-08,"",1,1235457,48736,119060,Bacteria,0,0,0,-100,0.0,0.0,0.0,0.0,8.014490808483037,0.6551694,2.0,52.848,0.6551694,100.0,49.5,307.6526489,0.0,0.14286,18.0277557,0.6551694
105219,Ralstonia mannitolilytica,"",1,105219,48736,119060,Bacteria,0,2.0,52.848,0.0803138,100.0,150.0,90.4814835,0.0,1.084851778445447,0.0803138,0,0,-100,0.0,0.0,0.0,0.0,,,0.0803138
1218247,Ralstonia sp. NT80,"",1,1218247,48736,119060,Bacteria,0,0,0,-100,0.0,0.0,0.0,0.0,0.04078076407839,0.0066675,1.0,26.424,0.0066675,100.0,38.0,307.6526489,0.0,0.07143,26.0184288,0.0066675
305,Ralstonia solanacearum,"",1,305,48736,119060,Bacteria,0,0,0,-100,0.0,0.0,0.0,0.0,-1.5031217760563196,-0.2457547,1.0,26.424,-0.2457547,100.0,49.0,307.6526489,0.0,0.07143,94.7179184,-0.2457547
329,Ralstonia pickettii,"",1,329,48736,119060,Bacteria,0,0,0,-100,0.0,0.0,0.0,0.0,-1.7598439490954902,-0.2877278,1.0,26.424,-0.2877278,100.0,49.0,307.6526489,0.0,0.07143,316.8762512,-0.2877278
1676617,Ralstonia sp. MD27,"",1,1676617,48736,119060,Bacteria,0,0,0,-100,0.0,0.0,0.0,0.0,-7.333346922750694,-0.1998278,6.0,158.545,-0.1998278,100.0,47.3333,307.6526489,0.0,0.42857,475.2941589,-0.1998278
190721,Ralstonia insidiosa,"",1,190721,48736,119060,Bacteria,0,12.0,317.091,-0.1892215,97.4333,146.167,82.7210159,0.0,-18.10171069090508,-0.1892215,2.0,52.848,-0.226109,100.0,50.0,307.6526489,0.0,0.14286,147.2236023,-0.1892215
497,Psychrobacter,"",2,-100,497,468,Bacteria,0,0,0,-100,0.0,0.0,0.0,0.0,20.639384680912624,0.5801448,1.0,26.424,0.5801448,80.9,47.0,307.6526489,0.0,0.07143,8.2965288,0.5801448
282669,Psychrobacter cibarius,"",1,282669,497,468,Bacteria,0,0,0,-100,0.0,0.0,0.0,0.0,20.639384680912624,1.3463618,1.0,26.424,1.3463618,80.9,47.0,307.6526489,0.0,0.07143,2.0327101,1.3463618
1822464,Paraburkholderia,"",2,-100,1822464,119060,Bacteria,0,1.0,26.424,0.2845911,89.2,65.0,22.9208183,0.0,17.488681906927987,0.2845911,0,0,-100,0.0,0.0,0.0,0.0,,,0.2845911
36873,Paraburkholderia xenovorans,"",1,36873,1822464,119060,Bacteria,0,1.0,26.424,2.3256117,89.2,65.0,22.9208183,0.0,17.488681906927987,2.3256117,0,0,-100,0.0,0.0,0.0,0.0,,,2.3256117
4564,Triticum,"",2,-100,4564,4479,Eukaryota,0,6.0,158.545,0.1715009,94.95,148.167,78.9430618,0.0,15.741614447997899,0.1715009,0,0,-100,0.0,0.0,0.0,0.0,,,0.1715009
4571,Triticum turgidum,"",1,4571,4564,4479,Eukaryota,0,1.0,26.424,3.473636,90.7,150.0,71.2757263,0.0,15.741614447997899,3.473636,0,0,-100,0.0,0.0,0.0,0.0,,,3.473636
4565,Triticum aestivum,bread wheat,1,4565,4564,4479,Eukaryota,0,5.0,132.121,0.1129085,95.8,147.8,80.476532,0.0,2.5583790695632858,0.1129085,0,0,-100,0.0,0.0,0.0,0.0,,,0.1129085
1033,Afipia,"",2,-100,1033,41294,Bacteria,0,0,0,-100,0.0,0.0,0.0,0.0,15.588008732608007,0.0968068,3.0,79.272,0.0968068,91.5707,74.3333,138.1666565,0.0,0.21429,61.2064972,0.0968068
1035,Afipia felis,cat scratch disease bacillus,1,1035,1033,41294,Bacteria,0,0,0,-100,0.0,0.0,0.0,0.0,15.588008732608007,2.0312574,3.0,79.272,2.0312574,91.5707,74.3333,138.1666565,0.0,0.21429,10.4546175,2.0312574
93681,Roseateles,"",2,-100,93681,-300,Bacteria,0,3.0,79.272,-0.1034297,85.3853,141.0,39.6275291,0.0,14.396580501652519,0.1406274,3.0,79.272,0.1406274,64.854,30.3333,102.4749222,0.0,0.21429,53.2803268,0.1406274
76731,Roseateles depolymerans,"",1,76731,93681,-300,Bacteria,0,3.0,79.272,-0.1033531,85.3853,141.0,39.6275291,0.0,14.396580501652519,1.3674411,3.0,79.272,1.3674411,64.854,30.3333,102.4749222,0.0,0.21429,13.7585011,1.3674411
3817,Arachis,"",2,-100,3817,3803,Eukaryota,0,0,0,-100,0.0,0.0,0.0,0.0,9.92806138472967,0.3799627,1.0,26.424,0.3799627,91.5,47.0,307.6526489,0.0,0.07143,7.6382933,0.3799627
130454,Arachis ipaensis,"",1,130454,3817,3803,Eukaryota,0,0,0,-100,0.0,0.0,0.0,0.0,9.92806138472967,0.9888375,1.0,26.424,0.9888375,91.5,47.0,307.6526489,0.0,0.07143,3.0820377,0.9888375
-200080864,Non-genus-specific reads in family Comamonadaceae,,2,-100,-200080864,80864,Bacteria,0,0,0,-100,0.0,0.0,0.0,0.0,7.0955287073735684,0.1829145,2.0,52.848,0.1829145,98.684,76.0,47.5228806,0.0,0.14286,35.3793907,0.1829145
1768804,Comamonadaceae bacterium CCH4-C5,"",1,1768804,-200080864,80864,Bacteria,0,0,0,-100,0.0,0.0,0.0,0.0,7.0955287073735684,0.7340203,2.0,52.848,0.7340203,98.684,76.0,47.5228806,0.0,0.14286,16.0297832,0.7340203
365532,Belnapia,"",2,-100,365532,433,Bacteria,0,0,0,-100,0.0,0.0,0.0,0.0,6.215133925294318,0.4813488,1.0,26.424,0.4813488,69.4,49.0,307.6526489,0.0,0.07143,5.408884,0.4813488
938405,Belnapia rosea,"",1,938405,365532,433,Bacteria,0,0,0,-100,0.0,0.0,0.0,0.0,6.215133925294318,0.4886434,1.0,26.424,0.4886434,69.4,49.0,307.6526489,0.0,0.07143,5.091022,0.4886434
53335,Pantoea,"",2,-100,53335,1903409,Bacteria,0,0,0,-100,0.0,0.0,0.0,0.0,5.636769994905966,0.3264441,1.0,26.424,0.3264441,94.0,50.0,307.6526489,0.0,0.07143,15.9847975,0.3264441
553,Pantoea ananatis,"",1,553,53335,1903409,Bacteria,0,0,0,-100,0.0,0.0,0.0,0.0,5.636769994905966,0.6534659,1.0,26.424,0.6534659,94.0,50.0,307.6526489,0.0,0.07143,10.5462866,0.6534659
1912216,Cutibacterium,"",2,-100,1912216,31957,Bacteria,0,20.0,528.485,0.0429415,99.9215,180.4,101.6500473,0.0,4.509988499054623,0.0899737,18.0,475.636,0.0899737,99.4901,60.4444,222.252594,0.0,1.28571,386.4637451,0.0899737
1747,Cutibacterium acnes,"",1,1747,1912216,31957,Bacteria,0,20.0,528.485,0.0584757,99.9215,180.4,101.6500473,0.0,4.509988499054623,0.0787521,17.0,449.212,0.0787521,99.7131,61.2353,217.2290649,0.0,1.21429,373.9963074,0.0787521
33011,Cutibacterium granulosum,"",1,33011,1912216,31957,Bacteria,0,0,0,-100,0.0,0.0,0.0,0.0,4.250947210920715,1.7880167,1.0,26.424,1.7880167,95.7,47.0,307.6526489,0.0,0.07143,3.9401064,1.7880167
47420,Hydrogenophaga,"",2,-100,47420,80864,Bacteria,0,3.0,79.272,0.079655,93.6133,55.0,16.4773693,0.0,3.9176374871764805,0.079655,0,0,-100,0.0,0.0,0.0,0.0,,,0.079655
795665,Hydrogenophaga sp. PBC,"",1,795665,47420,80864,Bacteria,0,3.0,79.272,0.620428,93.6133,55.0,16.4773693,0.0,3.9176374871764805,0.620428,0,0,-100,0.0,0.0,0.0,0.0,,,0.620428
34072,Variovorax,"",2,-100,34072,80864,Bacteria,0,4.0,105.697,-0.0422113,90.6985,118.0,48.8987198,0.0,3.215920192601216,-0.0422113,1.0,26.424,-0.2643847,100.0,49.0,307.6526489,0.0,0.07143,167.2272186,-0.0422113
436515,Variovorax boronicumulans,"",1,436515,34072,80864,Bacteria,0,4.0,105.697,0.7207985,90.6985,118.0,48.8987198,0.0,3.215920192601216,0.7207985,0,0,-100,0.0,0.0,0.0,0.0,,,0.7207985
34073,Variovorax paradoxus,"",1,34073,34072,80864,Bacteria,0,0,0,-100,0.0,0.0,0.0,0.0,-0.9156438477141011,-0.1310665,1.0,26.424,-0.1310665,100.0,49.0,307.6526489,0.0,0.07143,43.6362915,-0.1310665
1386,Bacillus,"",2,-100,1386,186817,Bacteria,0,0,0,-100,0.0,0.0,0.0,0.0,0.9396668041694135,0.0321527,1.0,26.424,0.0321527,84.0,50.0,307.6526489,0.0,0.07143,25.0485859,0.0321527
1396,Bacillus cereus,"",1,1396,1386,186817,Bacteria,0,0,0,-100,0.0,0.0,0.0,0.0,0.9396668041694135,1.106007,1.0,26.424,1.106007,84.0,50.0,307.6526489,0.0,0.07143,7.9704685,1.106007
3877,Medicago,medics,2,-100,3877,3803,Eukaryota,0,0,0,-100,0.0,0.0,0.0,0.0,0.809617350893616,0.1749752,1.0,26.424,0.1749752,84.4,45.0,307.6526489,0.0,0.07143,15.5369787,0.1749752
3880,Medicago truncatula,barrel medic,1,3880,3877,3803,Eukaryota,0,0,0,-100,0.0,0.0,0.0,0.0,0.809617350893616,0.1751075,1.0,26.424,0.1751075,84.4,45.0,307.6526489,0.0,0.07143,15.5290031,0.1751075
1612157,Pararhodospirillum,"",2,-100,1612157,41295,Bacteria,0,0,0,-100,0.0,0.0,0.0,0.0,0.401239114336224,0.123226,1.0,26.424,0.123226,75.5,49.0,307.6526489,0.0,0.07143,21.2413387,0.123226
1084,Pararhodospirillum photometricum,"",1,1084,1612157,41295,Bacteria,0,0,0,-100,0.0,0.0,0.0,0.0,0.401239114336224,0.123226,1.0,26.424,0.123226,75.5,49.0,307.6526489,0.0,0.07143,21.2413387,0.123226
318147,Paucibacter,"",2,-100,318147,-300,Bacteria,0,5.0,132.121,0.0372254,85.9808,177.4,54.1054115,0.0,0.18312441656814624,0.0372254,0,0,-100,0.0,0.0,0.0,0.0,,,0.0372254
1768242,Paucibacter sp. KCTC 42545,"",1,1768242,318147,-300,Bacteria,0,5.0,132.121,0.0372336,85.9808,177.4,54.1054115,0.0,0.18312441656814624,0.0372336,0,0,-100,0.0,0.0,0.0,0.0,,,0.0372336
316612,Methylibium,"",2,-100,316612,-300,Bacteria,0,2.0,52.848,-0.0899722,87.3,150.0,64.4089355,0.0,-0.42477364753481095,-0.0899722,0,0,-100,0.0,0.0,0.0,0.0,,,-0.0899722
105560,Methylibium petroleiphilum,"",1,105560,316612,-300,Bacteria,0,2.0,52.848,-0.0893348,87.3,150.0,64.4089355,0.0,-0.42477364753481095,-0.0893348,0,0,-100,0.0,0.0,0.0,0.0,,,-0.0893348
28065,Rhodoferax,"",2,-100,28065,80864,Bacteria,0,1.0,26.424,-0.1405673,85.5,145.0,58.251812,0.0,-0.44146910909019604,-0.1405673,0,0,-100,0.0,0.0,0.0,0.0,,,-0.1405673
1842727,Rhodoferax koreense,"",1,1842727,28065,80864,Bacteria,0,1.0,26.424,-0.118855,85.5,145.0,58.251812,0.0,-0.44146910909019604,-0.118855,0,0,-100,0.0,0.0,0.0,0.0,,,-0.118855
2282523,Methylorubrum,"",2,-100,2282523,119045,Bacteria,0,2.0,52.848,100.0,96.8,94.5,48.4927406,0.0,-635.45703552,100.0,0,0,-100,0.0,0.0,0.0,0.0,,,100.0
408,Methylorubrum extorquens,"",1,408,2282523,119045,Bacteria,0,2.0,52.848,-0.1202424,96.8,94.5,48.4927406,0.0,-635.45703552,-0.1202424,0,0,-100,0.0,0.0,0.0,0.0,,,-0.1202424
